delivery_id,pred_service_min,pred_late_prob
ORD0092308,,
ORD0092309,,
ORD0092310,,
ORD0092311,,
ORD0092312,,
ORD0092313,,
ORD0092314,,
ORD0092315,,
ORD0092316,,
ORD0092317,,
ORD0092318,,
ORD0092319,,
ORD0092320,,
ORD0092321,,
ORD0092322,,
ORD0092323,,
ORD0092324,,
ORD0092325,,
ORD0092326,,
ORD0092327,,
ORD0092328,,
ORD0092329,,
ORD0092330,,
ORD0092331,,
ORD0092332,,
ORD0092333,,
ORD0092334,,
ORD0092335,,
ORD0092336,,
ORD0092337,,
ORD0092338,,
ORD0092339,,
ORD0092340,,
ORD0092341,,
ORD0092342,,
ORD0092343,,
ORD0092344,,
ORD0092345,,
ORD0092346,,
ORD0092347,,
ORD0092348,,
ORD0092349,,
ORD0092350,,
ORD0092351,,
ORD0092352,,
ORD0092353,,
ORD0092354,,
ORD0092355,,
ORD0092356,,
ORD0092357,,
ORD0092358,,
ORD0092359,,
ORD0092360,,
ORD0092361,,
ORD0092362,,
ORD0092363,,
ORD0092364,,
ORD0092365,,
ORD0092366,,
ORD0092367,,
ORD0092368,,
ORD0092369,,
ORD0092370,,
ORD0092371,,
ORD0092372,,
ORD0092373,,
ORD0092374,,
ORD0092375,,
ORD0092376,,
ORD0092377,,
ORD0092378,,
ORD0092379,,
ORD0092380,,
ORD0092381,,
ORD0092382,,
ORD0092383,,
ORD0092384,,
ORD0092385,,
ORD0092386,,
ORD0092387,,
ORD0092388,,
ORD0092389,,
ORD0092390,,
ORD0092391,,
ORD0092392,,
ORD0092393,,
ORD0092394,,
ORD0092395,,
ORD0092396,,
ORD0092397,,
ORD0092398,,
ORD0092399,,
ORD0092400,,
ORD0092401,,
ORD0092402,,
ORD0092403,,
ORD0092404,,
ORD0092405,,
ORD0092406,,
ORD0092407,,
ORD0092408,,
ORD0092409,,
ORD0092410,,
ORD0092411,,
ORD0092412,,
ORD0092413,,
ORD0092414,,
ORD0092415,,
ORD0092416,,
ORD0092417,,
ORD0092418,,
ORD0092419,,
ORD0092420,,
ORD0092421,,
ORD0092422,,
ORD0092423,,
ORD0092424,,
ORD0092425,,
ORD0092426,,
ORD0092427,,
ORD0092428,,
ORD0092429,,
ORD0092430,,
ORD0092431,,
ORD0092432,,
ORD0092433,,
ORD0092434,,
ORD0092435,,
ORD0092436,,
ORD0092437,,
ORD0092438,,
ORD0092439,,
ORD0092440,,
ORD0092441,,
ORD0092442,,
ORD0092443,,
ORD0092444,,
ORD0092445,,
ORD0092446,,
ORD0092447,,
ORD0092448,,
ORD0092449,,
ORD0092450,,
ORD0092451,,
ORD0092452,,
ORD0092453,,
ORD0092454,,
ORD0092455,,
ORD0092456,,
ORD0092457,,
ORD0092458,,
ORD0092459,,
ORD0092460,,
ORD0092461,,
ORD0092462,,
ORD0092463,,
ORD0092464,,
ORD0092465,,
ORD0092466,,
ORD0092467,,
ORD0092468,,
ORD0092469,,
ORD0092470,,
ORD0092471,,
ORD0092472,,
ORD0092473,,
ORD0092474,,
ORD0092475,,
ORD0092476,,
ORD0092477,,
ORD0092478,,
ORD0092479,,
ORD0092480,,
ORD0092481,,
ORD0092482,,
ORD0092483,,
ORD0092484,,
ORD0092485,,
ORD0092486,,
ORD0092487,,
ORD0092488,,
ORD0092489,,
ORD0092490,,
ORD0092491,,
ORD0092492,,
ORD0092493,,
ORD0092494,,
ORD0092495,,
ORD0092496,,
ORD0092497,,
ORD0092498,,
ORD0092499,,
ORD0092500,,
ORD0092501,,
ORD0092502,,
ORD0092503,,
ORD0092504,,
ORD0092505,,
ORD0092506,,
ORD0092507,,
ORD0092508,,
ORD0092509,,
ORD0092510,,
ORD0092511,,
ORD0092512,,
ORD0092513,,
ORD0092514,,
ORD0092515,,
ORD0092516,,
ORD0092517,,
ORD0092518,,
ORD0092519,,
ORD0092520,,
ORD0092521,,
ORD0092522,,
ORD0092523,,
ORD0092524,,
ORD0092525,,
ORD0092526,,
ORD0092527,,
ORD0092528,,
ORD0092529,,
ORD0092530,,
ORD0092531,,
ORD0092532,,
ORD0092533,,
ORD0092534,,
ORD0092535,,
ORD0092536,,
ORD0092537,,
ORD0092538,,
ORD0092539,,
ORD0092540,,
ORD0092541,,
ORD0092542,,
ORD0092543,,
ORD0092544,,
ORD0092545,,
ORD0092546,,
ORD0092547,,
ORD0092548,,
ORD0092549,,
ORD0092550,,
ORD0092551,,
ORD0092552,,
ORD0092553,,
ORD0092554,,
ORD0092555,,
ORD0092556,,
ORD0092557,,
ORD0092558,,
ORD0092559,,
ORD0092560,,
ORD0092561,,
ORD0092562,,
ORD0092563,,
ORD0092564,,
ORD0092565,,
ORD0092566,,
ORD0092567,,
ORD0092568,,
ORD0092569,,
ORD0092570,,
ORD0092571,,
ORD0092572,,
ORD0092573,,
ORD0092574,,
ORD0092575,,
ORD0092576,,
ORD0092577,,
ORD0092578,,
ORD0092579,,
ORD0092580,,
ORD0092581,,
ORD0092582,,
ORD0092583,,
ORD0092584,,
ORD0092585,,
ORD0092586,,
ORD0092587,,
ORD0092588,,
ORD0092589,,
ORD0092590,,
ORD0092591,,
ORD0092592,,
ORD0092593,,
ORD0092594,,
ORD0092595,,
ORD0092596,,
ORD0092597,,
ORD0092598,,
ORD0092599,,
ORD0092600,,
ORD0092601,,
ORD0092602,,
ORD0092603,,
ORD0092604,,
ORD0092605,,
ORD0092606,,
ORD0092607,,
ORD0092608,,
ORD0092609,,
ORD0092610,,
ORD0092611,,
ORD0092612,,
ORD0092613,,
ORD0092614,,
ORD0092615,,
ORD0092616,,
ORD0092617,,
ORD0092618,,
ORD0092619,,
ORD0092620,,
ORD0092621,,
ORD0092622,,
ORD0092623,,
ORD0092624,,
ORD0092625,,
ORD0092626,,
ORD0092627,,
ORD0092628,,
ORD0092629,,
ORD0092630,,
ORD0092631,,
ORD0092632,,
ORD0092633,,
ORD0092634,,
ORD0092635,,
ORD0092636,,
ORD0092637,,
ORD0092638,,
ORD0092639,,
ORD0092640,,
ORD0092641,,
ORD0092642,,
ORD0092643,,
ORD0092644,,
ORD0092645,,
ORD0092646,,
ORD0092647,,
ORD0092648,,
ORD0092649,,
ORD0092650,,
ORD0092651,,
ORD0092652,,
ORD0092653,,
ORD0092654,,
ORD0092655,,
ORD0092656,,
ORD0092657,,
ORD0092658,,
ORD0092659,,
ORD0092660,,
ORD0092661,,
ORD0092662,,
ORD0092663,,
ORD0092664,,
ORD0092665,,
ORD0092666,,
ORD0092667,,
ORD0092668,,
ORD0092669,,
ORD0092670,,
ORD0092671,,
ORD0092672,,
ORD0092673,,
ORD0092674,,
ORD0092675,,
ORD0092676,,
ORD0092677,,
ORD0092678,,
ORD0092679,,
ORD0092680,,
ORD0092681,,
ORD0092682,,
ORD0092683,,
ORD0092684,,
ORD0092685,,
ORD0092686,,
ORD0092687,,
ORD0092688,,
ORD0092689,,
ORD0092690,,
ORD0092691,,
ORD0092692,,
ORD0092693,,
ORD0092694,,
ORD0092695,,
ORD0092696,,
ORD0092697,,
ORD0092698,,
ORD0092699,,
ORD0092700,,
ORD0092701,,
ORD0092702,,
ORD0092703,,
ORD0092704,,
ORD0092705,,
ORD0092706,,
ORD0092707,,
ORD0092708,,
ORD0092709,,
ORD0092710,,
ORD0092711,,
ORD0092712,,
ORD0092713,,
ORD0092714,,
ORD0092715,,
ORD0092716,,
ORD0092717,,
ORD0092718,,
ORD0092719,,
ORD0092720,,
ORD0092721,,
ORD0092722,,
ORD0092723,,
ORD0092724,,
ORD0092725,,
ORD0092726,,
ORD0092727,,
ORD0092728,,
ORD0092729,,
ORD0092730,,
ORD0092731,,
ORD0092732,,
ORD0092733,,
ORD0092734,,
ORD0092735,,
ORD0092736,,
ORD0092737,,
ORD0092738,,
ORD0092739,,
ORD0092740,,
ORD0092741,,
ORD0092742,,
ORD0092743,,
ORD0092744,,
ORD0092745,,
ORD0092746,,
ORD0092747,,
ORD0092748,,
ORD0092749,,
ORD0092750,,
ORD0092751,,
ORD0092752,,
ORD0092753,,
ORD0092754,,
ORD0092755,,
ORD0092756,,
ORD0092757,,
ORD0092758,,
ORD0092759,,
ORD0092760,,
ORD0092761,,
ORD0092762,,
ORD0092763,,
ORD0092764,,
ORD0092765,,
ORD0092766,,
ORD0092767,,
ORD0092768,,
ORD0092769,,
ORD0092770,,
ORD0092771,,
ORD0092772,,
ORD0092773,,
ORD0092774,,
ORD0092775,,
ORD0092776,,
ORD0092777,,
ORD0092778,,
ORD0092779,,
ORD0092780,,
ORD0092781,,
ORD0092782,,
ORD0092783,,
ORD0092784,,
ORD0092785,,
ORD0092786,,
ORD0092787,,
ORD0092788,,
ORD0092789,,
ORD0092790,,
ORD0092791,,
ORD0092792,,
ORD0092793,,
ORD0092794,,
ORD0092795,,
ORD0092796,,
ORD0092797,,
ORD0092798,,
ORD0092799,,
ORD0092800,,
ORD0092801,,
ORD0092802,,
ORD0092803,,
ORD0092804,,
ORD0092805,,
ORD0092806,,
ORD0092807,,
ORD0092808,,
ORD0092809,,
ORD0092810,,
ORD0092811,,
ORD0092812,,
ORD0092813,,
ORD0092814,,
ORD0092815,,
ORD0092816,,
ORD0092817,,
ORD0092818,,
ORD0092819,,
ORD0092820,,
ORD0092821,,
ORD0092822,,
ORD0092823,,
ORD0092824,,
ORD0092825,,
ORD0092826,,
ORD0092827,,
ORD0092828,,
ORD0092829,,
ORD0092830,,
ORD0092831,,
ORD0092832,,
ORD0092833,,
ORD0092834,,
ORD0092835,,
ORD0092836,,
ORD0092837,,
ORD0092838,,
ORD0092839,,
ORD0092840,,
ORD0092841,,
ORD0092842,,
ORD0092843,,
ORD0092844,,
ORD0092845,,
ORD0092846,,
ORD0092847,,
ORD0092848,,
ORD0092849,,
ORD0092850,,
ORD0092851,,
ORD0092852,,
ORD0092853,,
ORD0092854,,
ORD0092855,,
ORD0092856,,
ORD0092857,,
ORD0092858,,
ORD0092859,,
ORD0092860,,
ORD0092861,,
ORD0092862,,
ORD0092863,,
ORD0092864,,
ORD0092865,,
ORD0092866,,
ORD0092867,,
ORD0092868,,
ORD0092869,,
ORD0092870,,
ORD0092871,,
ORD0092872,,
ORD0092873,,
ORD0092874,,
ORD0092875,,
ORD0092876,,
ORD0092877,,
ORD0092878,,
ORD0092879,,
ORD0092880,,
ORD0092881,,
ORD0092882,,
ORD0092883,,
ORD0092884,,
ORD0092885,,
ORD0092886,,
ORD0092887,,
ORD0092888,,
ORD0092889,,
ORD0092890,,
ORD0092891,,
ORD0092892,,
ORD0092893,,
ORD0092894,,
ORD0092895,,
ORD0092896,,
ORD0092897,,
ORD0092898,,
ORD0092899,,
ORD0092900,,
ORD0092901,,
ORD0092902,,
ORD0092903,,
ORD0092904,,
ORD0092905,,
ORD0092906,,
ORD0092907,,
ORD0092908,,
ORD0092909,,
ORD0092910,,
ORD0092911,,
ORD0092912,,
ORD0092913,,
ORD0092914,,
ORD0092915,,
ORD0092916,,
ORD0092917,,
ORD0092918,,
ORD0092919,,
ORD0092920,,
ORD0092921,,
ORD0092922,,
ORD0092923,,
ORD0092924,,
ORD0092925,,
ORD0092926,,
ORD0092927,,
ORD0092928,,
ORD0092929,,
ORD0092930,,
ORD0092931,,
ORD0092932,,
ORD0092933,,
ORD0092934,,
ORD0092935,,
ORD0092936,,
ORD0092937,,
ORD0092938,,
ORD0092939,,
ORD0092940,,
ORD0092941,,
ORD0092942,,
ORD0092943,,
ORD0092944,,
ORD0092945,,
ORD0092946,,
ORD0092947,,
ORD0092948,,
ORD0092949,,
ORD0092950,,
ORD0092951,,
ORD0092952,,
ORD0092953,,
ORD0092954,,
ORD0092955,,
ORD0092956,,
ORD0092957,,
ORD0092958,,
ORD0092959,,
ORD0092960,,
ORD0092961,,
ORD0092962,,
ORD0092963,,
ORD0092964,,
ORD0092965,,
ORD0092966,,
ORD0092967,,
ORD0092968,,
ORD0092969,,
ORD0092970,,
ORD0092971,,
ORD0092972,,
ORD0092973,,
ORD0092974,,
ORD0092975,,
ORD0092976,,
ORD0092977,,
ORD0092978,,
ORD0092979,,
ORD0092980,,
ORD0092981,,
ORD0092982,,
ORD0092983,,
ORD0092984,,
ORD0092985,,
ORD0092986,,
ORD0092987,,
ORD0092988,,
ORD0092989,,
ORD0092990,,
ORD0092991,,
ORD0092992,,
ORD0092993,,
ORD0092994,,
ORD0092995,,
ORD0092996,,
ORD0092997,,
ORD0092998,,
ORD0092999,,
ORD0093000,,
ORD0093001,,
ORD0093002,,
ORD0093003,,
ORD0093004,,
ORD0093005,,
ORD0093006,,
ORD0093007,,
ORD0093008,,
ORD0093009,,
ORD0093010,,
ORD0093011,,
ORD0093012,,
ORD0093013,,
ORD0093014,,
ORD0093015,,
ORD0093016,,
ORD0093017,,
ORD0093018,,
ORD0093019,,
ORD0093021,,
ORD0093023,,
ORD0093024,,
ORD0093025,,
ORD0093026,,
ORD0093027,,
ORD0093028,,
ORD0093030,,
ORD0093031,,
ORD0093032,,
ORD0093033,,
ORD0093034,,
ORD0093035,,
ORD0093036,,
ORD0093037,,
ORD0093038,,
ORD0093039,,
ORD0093040,,
ORD0093041,,
ORD0093042,,
ORD0093043,,
ORD0093044,,
ORD0093045,,
ORD0093046,,
ORD0093047,,
ORD0093048,,
ORD0093049,,
ORD0093050,,
ORD0093051,,
ORD0093052,,
ORD0093053,,
ORD0093054,,
ORD0093055,,
ORD0093056,,
ORD0093057,,
ORD0093058,,
ORD0093059,,
ORD0093060,,
ORD0093061,,
ORD0093062,,
ORD0093063,,
ORD0093064,,
ORD0093065,,
ORD0093066,,
ORD0093067,,
ORD0093068,,
ORD0093069,,
ORD0093070,,
ORD0093071,,
ORD0093072,,
ORD0093073,,
ORD0093074,,
ORD0093075,,
ORD0093076,,
ORD0093077,,
ORD0093078,,
ORD0093079,,
ORD0093080,,
ORD0093081,,
ORD0093082,,
ORD0093083,,
ORD0093084,,
ORD0093085,,
ORD0093086,,
ORD0093087,,
ORD0093088,,
ORD0093089,,
ORD0093090,,
ORD0093091,,
ORD0093092,,
ORD0093093,,
ORD0093094,,
ORD0093095,,
ORD0093096,,
ORD0093097,,
ORD0093098,,
ORD0093099,,
ORD0093100,,
ORD0093101,,
ORD0093102,,
ORD0093103,,
ORD0093104,,
ORD0093105,,
ORD0093106,,
ORD0093107,,
ORD0093108,,
ORD0093109,,
ORD0093110,,
ORD0093111,,
ORD0093112,,
ORD0093113,,
ORD0093114,,
ORD0093115,,
ORD0093116,,
ORD0093117,,
ORD0093118,,
ORD0093119,,
ORD0093120,,
ORD0093121,,
ORD0093122,,
ORD0093123,,
ORD0093124,,
ORD0093125,,
ORD0093126,,
ORD0093127,,
ORD0093128,,
ORD0093129,,
ORD0093130,,
ORD0093131,,
ORD0093132,,
ORD0093133,,
ORD0093134,,
ORD0093135,,
ORD0093136,,
ORD0093137,,
ORD0093138,,
ORD0093139,,
ORD0093140,,
ORD0093141,,
ORD0093142,,
ORD0093143,,
ORD0093144,,
ORD0093145,,
ORD0093146,,
ORD0093147,,
ORD0093148,,
ORD0093149,,
ORD0093150,,
ORD0093151,,
ORD0093152,,
ORD0093153,,
ORD0093154,,
ORD0093155,,
ORD0093156,,
ORD0093157,,
ORD0093158,,
ORD0093159,,
ORD0093160,,
ORD0093161,,
ORD0093162,,
ORD0093163,,
ORD0093164,,
ORD0093165,,
ORD0093166,,
ORD0093167,,
ORD0093168,,
ORD0093169,,
ORD0093170,,
ORD0093171,,
ORD0093172,,
ORD0093173,,
ORD0093174,,
ORD0093175,,
ORD0093176,,
ORD0093177,,
ORD0093178,,
ORD0093179,,
ORD0093180,,
ORD0093181,,
ORD0093182,,
ORD0093183,,
ORD0093184,,
ORD0093185,,
ORD0093186,,
ORD0093187,,
ORD0093188,,
ORD0093189,,
ORD0093190,,
ORD0093191,,
ORD0093192,,
ORD0093193,,
ORD0093194,,
ORD0093195,,
ORD0093196,,
ORD0093197,,
ORD0093198,,
ORD0093199,,
ORD0093200,,
ORD0093201,,
ORD0093202,,
ORD0093203,,
ORD0093204,,
ORD0093205,,
ORD0093206,,
ORD0093207,,
ORD0093208,,
ORD0093209,,
ORD0093210,,
ORD0093211,,
ORD0093212,,
ORD0093213,,
ORD0093214,,
ORD0093215,,
ORD0093216,,
ORD0093217,,
ORD0093218,,
ORD0093219,,
ORD0093220,,
ORD0093221,,
ORD0093222,,
ORD0093223,,
ORD0093224,,
ORD0093225,,
ORD0093226,,
ORD0093227,,
ORD0093228,,
ORD0093229,,
ORD0093230,,
ORD0093231,,
ORD0093232,,
ORD0093233,,
ORD0093234,,
ORD0093235,,
ORD0093236,,
ORD0093237,,
ORD0093238,,
ORD0093239,,
ORD0093240,,
ORD0093241,,
ORD0093242,,
ORD0093243,,
ORD0093244,,
ORD0093245,,
ORD0093246,,
ORD0093247,,
ORD0093248,,
ORD0093249,,
ORD0093250,,
ORD0093251,,
ORD0093252,,
ORD0093253,,
ORD0093254,,
ORD0093255,,
ORD0093256,,
ORD0093257,,
ORD0093258,,
ORD0093259,,
ORD0093260,,
ORD0093261,,
ORD0093262,,
ORD0093263,,
ORD0093264,,
ORD0093265,,
ORD0093266,,
ORD0093267,,
ORD0093268,,
ORD0093269,,
ORD0093270,,
ORD0093271,,
ORD0093272,,
ORD0093273,,
ORD0093274,,
ORD0093275,,
ORD0093276,,
ORD0093277,,
ORD0093278,,
ORD0093279,,
ORD0093280,,
ORD0093281,,
ORD0093282,,
ORD0093283,,
ORD0093284,,
ORD0093285,,
ORD0093286,,
ORD0093287,,
ORD0093288,,
ORD0093289,,
ORD0093290,,
ORD0093291,,
ORD0093292,,
ORD0093293,,
ORD0093294,,
ORD0093295,,
ORD0093296,,
ORD0093297,,
ORD0093298,,
ORD0093299,,
ORD0093300,,
ORD0093301,,
ORD0093302,,
ORD0093303,,
ORD0093304,,
ORD0093305,,
ORD0093306,,
ORD0093307,,
ORD0093308,,
ORD0093309,,
ORD0093310,,
ORD0093311,,
ORD0093312,,
ORD0093313,,
ORD0093314,,
ORD0093315,,
ORD0093316,,
ORD0093317,,
ORD0093318,,
ORD0093319,,
ORD0093320,,
ORD0093321,,
ORD0093322,,
ORD0093323,,
ORD0093324,,
ORD0093325,,
ORD0093326,,
ORD0093327,,
ORD0093328,,
ORD0093329,,
ORD0093330,,
ORD0093331,,
ORD0093332,,
ORD0093333,,
ORD0093334,,
ORD0093335,,
ORD0093336,,
ORD0093337,,
ORD0093338,,
ORD0093339,,
ORD0093340,,
ORD0093341,,
ORD0093342,,
ORD0093343,,
ORD0093344,,
ORD0093345,,
ORD0093346,,
ORD0093347,,
ORD0093348,,
ORD0093349,,
ORD0093350,,
ORD0093351,,
ORD0093352,,
ORD0093353,,
ORD0093354,,
ORD0093355,,
ORD0093356,,
ORD0093357,,
ORD0093358,,
ORD0093359,,
ORD0093360,,
ORD0093361,,
ORD0093362,,
ORD0093363,,
ORD0093364,,
ORD0093365,,
ORD0093366,,
ORD0093367,,
ORD0093368,,
ORD0093369,,
ORD0093370,,
ORD0093371,,
ORD0093372,,
ORD0093373,,
ORD0093374,,
ORD0093375,,
ORD0093376,,
ORD0093377,,
ORD0093378,,
ORD0093379,,
ORD0093380,,
ORD0093381,,
ORD0093382,,
ORD0093383,,
ORD0093384,,
ORD0093385,,
ORD0093386,,
ORD0093387,,
ORD0093388,,
ORD0093389,,
ORD0093390,,
ORD0093391,,
ORD0093392,,
ORD0093393,,
ORD0093394,,
ORD0093395,,
ORD0093396,,
ORD0093397,,
ORD0093398,,
ORD0093399,,
ORD0093400,,
ORD0093401,,
ORD0093402,,
ORD0093403,,
ORD0093404,,
ORD0093405,,
ORD0093406,,
ORD0093407,,
ORD0093408,,
ORD0093409,,
ORD0093410,,
ORD0093411,,
ORD0093412,,
ORD0093413,,
ORD0093414,,
ORD0093415,,
ORD0093416,,
ORD0093417,,
ORD0093418,,
ORD0093419,,
ORD0093420,,
ORD0093421,,
ORD0093422,,
ORD0093423,,
ORD0093424,,
ORD0093425,,
ORD0093426,,
ORD0093427,,
ORD0093428,,
ORD0093429,,
ORD0093430,,
ORD0093431,,
ORD0093432,,
ORD0093433,,
ORD0093434,,
ORD0093435,,
ORD0093436,,
ORD0093437,,
ORD0093438,,
ORD0093439,,
ORD0093440,,
ORD0093441,,
ORD0093442,,
ORD0093443,,
ORD0093444,,
ORD0093445,,
ORD0093446,,
ORD0093447,,
ORD0093448,,
ORD0093449,,
ORD0093450,,
ORD0093451,,
ORD0093452,,
ORD0093453,,
ORD0093454,,
ORD0093455,,
ORD0093456,,
ORD0093457,,
ORD0093458,,
ORD0093459,,
ORD0093460,,
ORD0093461,,
ORD0093462,,
ORD0093463,,
ORD0093464,,
ORD0093465,,
ORD0093466,,
ORD0093467,,
ORD0093468,,
ORD0093469,,
ORD0093470,,
ORD0093471,,
ORD0093472,,
ORD0093473,,
ORD0093474,,
ORD0093475,,
ORD0093476,,
ORD0093477,,
ORD0093478,,
ORD0093479,,
ORD0093480,,
ORD0093481,,
ORD0093482,,
ORD0093483,,
ORD0093484,,
ORD0093485,,
ORD0093486,,
ORD0093487,,
ORD0093488,,
ORD0093489,,
ORD0093490,,
ORD0093491,,
ORD0093492,,
ORD0093493,,
ORD0093494,,
ORD0093495,,
ORD0093496,,
ORD0093497,,
ORD0093498,,
ORD0093499,,
ORD0093500,,
ORD0093501,,
ORD0093502,,
ORD0093503,,
ORD0093504,,
ORD0093505,,
ORD0093506,,
ORD0093507,,
ORD0093508,,
ORD0093509,,
ORD0093510,,
ORD0093511,,
ORD0093512,,
ORD0093513,,
ORD0093514,,
ORD0093515,,
ORD0093516,,
ORD0093517,,
ORD0093518,,
ORD0093519,,
ORD0093520,,
ORD0093521,,
ORD0093522,,
ORD0093523,,
ORD0093524,,
ORD0093525,,
ORD0093526,,
ORD0093527,,
ORD0093528,,
ORD0093529,,
ORD0093530,,
ORD0093531,,
ORD0093532,,
ORD0093533,,
ORD0093534,,
ORD0093535,,
ORD0093536,,
ORD0093537,,
ORD0093538,,
ORD0093539,,
ORD0093540,,
ORD0093541,,
ORD0093542,,
ORD0093543,,
ORD0093544,,
ORD0093545,,
ORD0093546,,
ORD0093547,,
ORD0093548,,
ORD0093549,,
ORD0093550,,
ORD0093551,,
ORD0093552,,
ORD0093553,,
ORD0093554,,
ORD0093555,,
ORD0093556,,
ORD0093557,,
ORD0093558,,
ORD0093559,,
ORD0093560,,
ORD0093561,,
ORD0093562,,
ORD0093563,,
ORD0093564,,
ORD0093565,,
ORD0093566,,
ORD0093567,,
ORD0093568,,
ORD0093569,,
ORD0093570,,
ORD0093571,,
ORD0093572,,
ORD0093573,,
ORD0093574,,
ORD0093575,,
ORD0093576,,
ORD0093577,,
ORD0093578,,
ORD0093579,,
ORD0093580,,
ORD0093581,,
ORD0093582,,
ORD0093583,,
ORD0093584,,
ORD0093585,,
ORD0093586,,
ORD0093587,,
ORD0093588,,
ORD0093589,,
ORD0093590,,
ORD0093591,,
ORD0093592,,
ORD0093593,,
ORD0093594,,
ORD0093595,,
ORD0093596,,
ORD0093597,,
ORD0093598,,
ORD0093599,,
ORD0093600,,
ORD0093601,,
ORD0093602,,
ORD0093603,,
ORD0093604,,
ORD0093605,,
ORD0093606,,
ORD0093607,,
ORD0093608,,
ORD0093609,,
ORD0093610,,
ORD0093611,,
ORD0093612,,
ORD0093613,,
ORD0093614,,
ORD0093615,,
ORD0093616,,
ORD0093617,,
ORD0093618,,
ORD0093619,,
ORD0093620,,
ORD0093621,,
ORD0093622,,
ORD0093623,,
ORD0093624,,
ORD0093625,,
ORD0093626,,
ORD0093627,,
ORD0093628,,
ORD0093629,,
ORD0093630,,
ORD0093631,,
ORD0093632,,
ORD0093633,,
ORD0093634,,
ORD0093635,,
ORD0093636,,
ORD0093637,,
ORD0093638,,
ORD0093639,,
ORD0093640,,
ORD0093641,,
ORD0093642,,
ORD0093643,,
ORD0093644,,
ORD0093645,,
ORD0093646,,
ORD0093647,,
ORD0093648,,
ORD0093649,,
ORD0093650,,
ORD0093651,,
ORD0093652,,
ORD0093653,,
ORD0093654,,
ORD0093655,,
ORD0093656,,
ORD0093657,,
ORD0093658,,
ORD0093659,,
ORD0093660,,
ORD0093661,,
ORD0093662,,
ORD0093663,,
ORD0093664,,
ORD0093665,,
ORD0093666,,
ORD0093667,,
ORD0093668,,
ORD0093669,,
ORD0093670,,
ORD0093671,,
ORD0093672,,
ORD0093673,,
ORD0093674,,
ORD0093675,,
ORD0093676,,
ORD0093677,,
ORD0093678,,
ORD0093679,,
ORD0093680,,
ORD0093681,,
ORD0093682,,
ORD0093683,,
ORD0093684,,
ORD0093685,,
ORD0093686,,
ORD0093687,,
ORD0093688,,
ORD0093689,,
ORD0093690,,
ORD0093691,,
ORD0093692,,
ORD0093693,,
ORD0093694,,
ORD0093695,,
ORD0093696,,
ORD0093697,,
ORD0093698,,
ORD0093699,,
ORD0093700,,
ORD0093701,,
ORD0093702,,
ORD0093703,,
ORD0093704,,
ORD0093705,,
ORD0093706,,
ORD0093707,,
ORD0093708,,
ORD0093709,,
ORD0093710,,
ORD0093711,,
ORD0093712,,
ORD0093713,,
ORD0093714,,
ORD0093715,,
ORD0093716,,
ORD0093717,,
ORD0093718,,
ORD0093719,,
ORD0093720,,
ORD0093721,,
ORD0093722,,
ORD0093723,,
ORD0093724,,
ORD0093725,,
ORD0093726,,
ORD0093727,,
ORD0093728,,
ORD0093729,,
ORD0093730,,
ORD0093731,,
ORD0093732,,
ORD0093733,,
ORD0093734,,
ORD0093735,,
ORD0093736,,
ORD0093737,,
ORD0093738,,
ORD0093739,,
ORD0093740,,
ORD0093741,,
ORD0093742,,
ORD0093743,,
ORD0093744,,
ORD0093745,,
ORD0093746,,
ORD0093747,,
ORD0093748,,
ORD0093749,,
ORD0093750,,
ORD0093751,,
ORD0093752,,
ORD0093753,,
ORD0093754,,
ORD0093755,,
ORD0093756,,
ORD0093757,,
ORD0093758,,
ORD0093759,,
ORD0093760,,
ORD0093761,,
ORD0093762,,
ORD0093763,,
ORD0093764,,
ORD0093765,,
ORD0093766,,
ORD0093767,,
ORD0093768,,
ORD0093769,,
ORD0093770,,
ORD0093771,,
ORD0093772,,
ORD0093773,,
ORD0093774,,
ORD0093775,,
ORD0093776,,
ORD0093777,,
ORD0093778,,
ORD0093779,,
ORD0093780,,
ORD0093781,,
ORD0093782,,
ORD0093783,,
ORD0093784,,
ORD0093785,,
ORD0093786,,
ORD0093787,,
ORD0093788,,
ORD0093789,,
ORD0093790,,
ORD0093791,,
ORD0093792,,
ORD0093793,,
ORD0093794,,
ORD0093795,,
ORD0093796,,
ORD0093797,,
ORD0093798,,
ORD0093799,,
ORD0093800,,
ORD0093801,,
ORD0093802,,
ORD0093803,,
ORD0093804,,
ORD0093805,,
ORD0093806,,
ORD0093807,,
ORD0093808,,
ORD0093809,,
ORD0093810,,
ORD0093811,,
ORD0093812,,
ORD0093813,,
ORD0093814,,
ORD0093815,,
ORD0093816,,
ORD0093817,,
ORD0093818,,
ORD0093819,,
ORD0093820,,
ORD0093821,,
ORD0093822,,
ORD0093823,,
ORD0093824,,
ORD0093825,,
ORD0093826,,
ORD0093827,,
ORD0093828,,
ORD0093829,,
ORD0093830,,
ORD0093831,,
ORD0093832,,
ORD0093833,,
ORD0093834,,
ORD0093835,,
ORD0093836,,
ORD0093837,,
ORD0093838,,
ORD0093839,,
ORD0093840,,
ORD0093841,,
ORD0093842,,
ORD0093843,,
ORD0093844,,
ORD0093845,,
ORD0093846,,
ORD0093847,,
ORD0093848,,
ORD0093849,,
ORD0093850,,
ORD0093851,,
ORD0093852,,
ORD0093853,,
ORD0093854,,
ORD0093855,,
ORD0093856,,
ORD0093857,,
ORD0093858,,
ORD0093859,,
ORD0093860,,
ORD0093861,,
ORD0093862,,
ORD0093863,,
ORD0093864,,
ORD0093865,,
ORD0093866,,
ORD0093867,,
ORD0093868,,
ORD0093869,,
ORD0093870,,
ORD0093871,,
ORD0093872,,
ORD0093873,,
ORD0093874,,
ORD0093875,,
ORD0093876,,
ORD0093877,,
ORD0093878,,
ORD0093879,,
ORD0093880,,
ORD0093881,,
ORD0093882,,
ORD0093883,,
ORD0093884,,
ORD0093885,,
ORD0093886,,
ORD0093887,,
ORD0093888,,
ORD0093889,,
ORD0093890,,
ORD0093891,,
ORD0093892,,
ORD0093893,,
ORD0093894,,
ORD0093895,,
ORD0093896,,
ORD0093897,,
ORD0093898,,
ORD0093899,,
ORD0093900,,
ORD0093901,,
ORD0093902,,
ORD0093903,,
ORD0093904,,
ORD0093905,,
ORD0093906,,
ORD0093907,,
ORD0093908,,
ORD0093909,,
ORD0093910,,
ORD0093911,,
ORD0093912,,
ORD0093913,,
ORD0093914,,
ORD0093915,,
ORD0093916,,
ORD0093917,,
ORD0093918,,
ORD0093919,,
ORD0093920,,
ORD0093921,,
ORD0093922,,
ORD0093923,,
ORD0093924,,
ORD0093925,,
ORD0093926,,
ORD0093927,,
ORD0093928,,
ORD0093929,,
ORD0093930,,
ORD0093931,,
ORD0093932,,
ORD0093933,,
ORD0093934,,
ORD0093935,,
ORD0093936,,
ORD0093937,,
ORD0093938,,
ORD0093939,,
ORD0093940,,
ORD0093941,,
ORD0093942,,
ORD0093943,,
ORD0093944,,
ORD0093945,,
ORD0093946,,
ORD0093947,,
ORD0093948,,
ORD0093949,,
ORD0093950,,
ORD0093951,,
ORD0093952,,
ORD0093953,,
ORD0093954,,
ORD0093955,,
ORD0093956,,
ORD0093957,,
ORD0093958,,
ORD0093959,,
ORD0093960,,
ORD0093961,,
ORD0093962,,
ORD0093963,,
ORD0093964,,
ORD0093965,,
ORD0093966,,
ORD0093967,,
ORD0093968,,
ORD0093969,,
ORD0093970,,
ORD0093971,,
ORD0093972,,
ORD0093973,,
ORD0093974,,
ORD0093975,,
ORD0093976,,
ORD0093977,,
ORD0093978,,
ORD0093979,,
ORD0093980,,
ORD0093981,,
ORD0093982,,
ORD0093983,,
ORD0093984,,
ORD0093985,,
ORD0093986,,
ORD0093987,,
ORD0093988,,
ORD0093989,,
ORD0093990,,
ORD0093991,,
ORD0093992,,
ORD0093993,,
ORD0093994,,
ORD0093995,,
ORD0093996,,
ORD0093997,,
ORD0093998,,
ORD0093999,,
ORD0094000,,
ORD0094001,,
ORD0094002,,
ORD0094003,,
ORD0094004,,
ORD0094005,,
ORD0094006,,
ORD0094007,,
ORD0094008,,
ORD0094009,,
ORD0094010,,
ORD0094011,,
ORD0094012,,
ORD0094013,,
ORD0094014,,
ORD0094015,,
ORD0094016,,
ORD0094017,,
ORD0094018,,
ORD0094019,,
ORD0094020,,
ORD0094021,,
ORD0094022,,
ORD0094023,,
ORD0094024,,
ORD0094025,,
ORD0094026,,
ORD0094027,,
ORD0094028,,
ORD0094029,,
ORD0094030,,
ORD0094031,,
ORD0094032,,
ORD0094033,,
ORD0094034,,
ORD0094035,,
ORD0094036,,
ORD0094037,,
ORD0094038,,
ORD0094039,,
ORD0094040,,
ORD0094041,,
ORD0094042,,
ORD0094043,,
ORD0094044,,
ORD0094045,,
ORD0094046,,
ORD0094047,,
ORD0094048,,
ORD0094049,,
ORD0094050,,
ORD0094051,,
ORD0094052,,
ORD0094053,,
ORD0094054,,
ORD0094055,,
ORD0094056,,
ORD0094057,,
ORD0094058,,
ORD0094059,,
ORD0094060,,
ORD0094061,,
ORD0094062,,
ORD0094063,,
ORD0094064,,
ORD0094065,,
ORD0094066,,
ORD0094067,,
ORD0094068,,
ORD0094069,,
ORD0094070,,
ORD0094071,,
ORD0094072,,
ORD0094073,,
ORD0094074,,
ORD0094075,,
ORD0094076,,
ORD0094077,,
ORD0094078,,
ORD0094079,,
ORD0094080,,
ORD0094081,,
ORD0094082,,
ORD0094083,,
ORD0094084,,
ORD0094085,,
ORD0094086,,
ORD0094087,,
ORD0094088,,
ORD0094089,,
ORD0094090,,
ORD0094091,,
ORD0094092,,
ORD0094093,,
ORD0094094,,
ORD0094095,,
ORD0094096,,
ORD0094097,,
ORD0094098,,
ORD0094099,,
ORD0094100,,
ORD0094101,,
ORD0094102,,
ORD0094103,,
ORD0094104,,
ORD0094105,,
ORD0094106,,
ORD0094107,,
ORD0094108,,
ORD0094109,,
ORD0094110,,
ORD0094111,,
ORD0094112,,
ORD0094113,,
ORD0094114,,
ORD0094115,,
ORD0094116,,
ORD0094117,,
ORD0094118,,
ORD0094119,,
ORD0094120,,
ORD0094121,,
ORD0094122,,
ORD0094123,,
ORD0094124,,
ORD0094125,,
ORD0094126,,
ORD0094127,,
ORD0094128,,
ORD0094129,,
ORD0094130,,
ORD0094132,,
ORD0094133,,
ORD0094134,,
ORD0094135,,
ORD0094137,,
ORD0094139,,
ORD0094141,,
ORD0094143,,
ORD0094144,,
ORD0094145,,
ORD0094146,,
ORD0094147,,
ORD0094148,,
ORD0094149,,
ORD0094150,,
ORD0094151,,
ORD0094152,,
ORD0094153,,
ORD0094154,,
ORD0094155,,
ORD0094156,,
ORD0094157,,
ORD0094158,,
ORD0094159,,
ORD0094160,,
ORD0094161,,
ORD0094162,,
ORD0094163,,
ORD0094164,,
ORD0094165,,
ORD0094166,,
ORD0094167,,
ORD0094168,,
ORD0094169,,
ORD0094170,,
ORD0094171,,
ORD0094172,,
ORD0094173,,
ORD0094174,,
ORD0094175,,
ORD0094176,,
ORD0094177,,
ORD0094178,,
ORD0094179,,
ORD0094180,,
ORD0094181,,
ORD0094182,,
ORD0094183,,
ORD0094184,,
ORD0094185,,
ORD0094186,,
ORD0094187,,
ORD0094188,,
ORD0094189,,
ORD0094190,,
ORD0094191,,
ORD0094192,,
ORD0094193,,
ORD0094194,,
ORD0094195,,
ORD0094196,,
ORD0094197,,
ORD0094198,,
ORD0094199,,
ORD0094200,,
ORD0094201,,
ORD0094202,,
ORD0094203,,
ORD0094204,,
ORD0094205,,
ORD0094206,,
ORD0094207,,
ORD0094208,,
ORD0094209,,
ORD0094210,,
ORD0094211,,
ORD0094212,,
ORD0094213,,
ORD0094214,,
ORD0094215,,
ORD0094216,,
ORD0094217,,
ORD0094218,,
ORD0094219,,
ORD0094220,,
ORD0094221,,
ORD0094222,,
ORD0094223,,
ORD0094224,,
ORD0094225,,
ORD0094226,,
ORD0094227,,
ORD0094228,,
ORD0094229,,
ORD0094230,,
ORD0094231,,
ORD0094232,,
ORD0094233,,
ORD0094234,,
ORD0094235,,
ORD0094236,,
ORD0094237,,
ORD0094238,,
ORD0094239,,
ORD0094240,,
ORD0094241,,
ORD0094242,,
ORD0094243,,
ORD0094244,,
ORD0094245,,
ORD0094246,,
ORD0094247,,
ORD0094248,,
ORD0094249,,
ORD0094250,,
ORD0094251,,
ORD0094252,,
ORD0094253,,
ORD0094254,,
ORD0094255,,
ORD0094256,,
ORD0094257,,
ORD0094258,,
ORD0094259,,
ORD0094260,,
ORD0094261,,
ORD0094262,,
ORD0094263,,
ORD0094264,,
ORD0094265,,
ORD0094266,,
ORD0094267,,
ORD0094268,,
ORD0094269,,
ORD0094270,,
ORD0094271,,
ORD0094272,,
ORD0094273,,
ORD0094275,,
ORD0094276,,
ORD0094278,,
ORD0094279,,
ORD0094280,,
ORD0094281,,
ORD0094282,,
ORD0094283,,
ORD0094284,,
ORD0094285,,
ORD0094286,,
ORD0094287,,
ORD0094289,,
ORD0094290,,
ORD0094291,,
ORD0094292,,
ORD0094293,,
ORD0094294,,
ORD0094295,,
ORD0094296,,
ORD0094297,,
ORD0094298,,
ORD0094299,,
ORD0094300,,
ORD0094301,,
ORD0094302,,
ORD0094303,,
ORD0094304,,
ORD0094305,,
ORD0094306,,
ORD0094307,,
ORD0094308,,
ORD0094309,,
ORD0094310,,
ORD0094311,,
ORD0094312,,
ORD0094313,,
ORD0094314,,
ORD0094315,,
ORD0094316,,
ORD0094317,,
ORD0094318,,
ORD0094319,,
ORD0094320,,
ORD0094321,,
ORD0094322,,
ORD0094323,,
ORD0094324,,
ORD0094325,,
ORD0094326,,
ORD0094327,,
ORD0094328,,
ORD0094329,,
ORD0094330,,
ORD0094331,,
ORD0094332,,
ORD0094333,,
ORD0094334,,
ORD0094335,,
ORD0094336,,
ORD0094337,,
ORD0094338,,
ORD0094339,,
ORD0094340,,
ORD0094341,,
ORD0094342,,
ORD0094343,,
ORD0094344,,
ORD0094345,,
ORD0094346,,
ORD0094347,,
ORD0094348,,
ORD0094349,,
ORD0094350,,
ORD0094351,,
ORD0094352,,
ORD0094353,,
ORD0094354,,
ORD0094355,,
ORD0094356,,
ORD0094357,,
ORD0094358,,
ORD0094359,,
ORD0094360,,
ORD0094361,,
ORD0094362,,
ORD0094363,,
ORD0094364,,
ORD0094365,,
ORD0094366,,
ORD0094367,,
ORD0094368,,
ORD0094369,,
ORD0094370,,
ORD0094371,,
ORD0094372,,
ORD0094373,,
ORD0094374,,
ORD0094375,,
ORD0094376,,
ORD0094377,,
ORD0094378,,
ORD0094379,,
ORD0094380,,
ORD0094381,,
ORD0094382,,
ORD0094383,,
ORD0094384,,
ORD0094385,,
ORD0094386,,
ORD0094387,,
ORD0094388,,
ORD0094389,,
ORD0094390,,
ORD0094391,,
ORD0094392,,
ORD0094393,,
ORD0094394,,
ORD0094395,,
ORD0094396,,
ORD0094397,,
ORD0094398,,
ORD0094399,,
ORD0094400,,
ORD0094401,,
ORD0094402,,
ORD0094403,,
ORD0094404,,
ORD0094405,,
ORD0094406,,
ORD0094407,,
ORD0094408,,
ORD0094409,,
ORD0094410,,
ORD0094411,,
ORD0094412,,
ORD0094413,,
ORD0094414,,
ORD0094415,,
ORD0094416,,
ORD0094417,,
ORD0094418,,
ORD0094419,,
ORD0094421,,
ORD0094423,,
ORD0094425,,
ORD0094426,,
ORD0094427,,
ORD0094428,,
ORD0094430,,
ORD0094431,,
ORD0094432,,
ORD0094433,,
ORD0094434,,
ORD0094435,,
ORD0094436,,
ORD0094437,,
ORD0094438,,
ORD0094439,,
ORD0094440,,
ORD0094441,,
ORD0094442,,
ORD0094443,,
ORD0094444,,
ORD0094445,,
ORD0094446,,
ORD0094447,,
ORD0094448,,
ORD0094449,,
ORD0094450,,
ORD0094451,,
ORD0094452,,
ORD0094453,,
ORD0094454,,
ORD0094455,,
ORD0094456,,
ORD0094457,,
ORD0094458,,
ORD0094459,,
ORD0094460,,
ORD0094461,,
ORD0094462,,
ORD0094463,,
ORD0094464,,
ORD0094465,,
ORD0094466,,
ORD0094467,,
ORD0094468,,
ORD0094469,,
ORD0094470,,
ORD0094471,,
ORD0094472,,
ORD0094473,,
ORD0094474,,
ORD0094475,,
ORD0094476,,
ORD0094477,,
ORD0094478,,
ORD0094479,,
ORD0094480,,
ORD0094481,,
ORD0094482,,
ORD0094483,,
ORD0094484,,
ORD0094485,,
ORD0094486,,
ORD0094487,,
ORD0094488,,
ORD0094489,,
ORD0094490,,
ORD0094491,,
ORD0094492,,
ORD0094493,,
ORD0094494,,
ORD0094495,,
ORD0094496,,
ORD0094497,,
ORD0094498,,
ORD0094499,,
ORD0094500,,
ORD0094501,,
ORD0094502,,
ORD0094503,,
ORD0094504,,
ORD0094505,,
ORD0094506,,
ORD0094507,,
ORD0094508,,
ORD0094509,,
ORD0094510,,
ORD0094511,,
ORD0094512,,
ORD0094513,,
ORD0094514,,
ORD0094515,,
ORD0094516,,
ORD0094517,,
ORD0094518,,
ORD0094519,,
ORD0094520,,
ORD0094521,,
ORD0094522,,
ORD0094523,,
ORD0094524,,
ORD0094525,,
ORD0094526,,
ORD0094527,,
ORD0094528,,
ORD0094529,,
ORD0094530,,
ORD0094531,,
ORD0094532,,
ORD0094533,,
ORD0094534,,
ORD0094535,,
ORD0094536,,
ORD0094537,,
ORD0094538,,
ORD0094539,,
ORD0094540,,
ORD0094541,,
ORD0094542,,
ORD0094543,,
ORD0094544,,
ORD0094545,,
ORD0094546,,
ORD0094547,,
ORD0094548,,
ORD0094549,,
ORD0094550,,
ORD0094551,,
ORD0094552,,
ORD0094553,,
ORD0094554,,
ORD0094555,,
ORD0094556,,
ORD0094557,,
ORD0094558,,
ORD0094559,,
ORD0094560,,
ORD0094561,,
ORD0094562,,
ORD0094563,,
ORD0094564,,
ORD0094565,,
ORD0094566,,
ORD0094567,,
ORD0094568,,
ORD0094569,,
ORD0094570,,
ORD0094571,,
ORD0094572,,
ORD0094573,,
ORD0094574,,
ORD0094575,,
ORD0094576,,
ORD0094577,,
ORD0094578,,
ORD0094579,,
ORD0094580,,
ORD0094581,,
ORD0094582,,
ORD0094583,,
ORD0094584,,
ORD0094585,,
ORD0094586,,
ORD0094587,,
ORD0094588,,
ORD0094589,,
ORD0094590,,
ORD0094591,,
ORD0094592,,
ORD0094593,,
ORD0094594,,
ORD0094595,,
ORD0094596,,
ORD0094597,,
ORD0094598,,
ORD0094599,,
ORD0094600,,
ORD0094601,,
ORD0094602,,
ORD0094603,,
ORD0094604,,
ORD0094605,,
ORD0094606,,
ORD0094607,,
ORD0094608,,
ORD0094609,,
ORD0094610,,
ORD0094611,,
ORD0094612,,
ORD0094613,,
ORD0094614,,
ORD0094615,,
ORD0094616,,
ORD0094617,,
ORD0094618,,
ORD0094619,,
ORD0094620,,
ORD0094621,,
ORD0094622,,
ORD0094623,,
ORD0094624,,
ORD0094625,,
ORD0094626,,
ORD0094627,,
ORD0094628,,
ORD0094629,,
ORD0094630,,
ORD0094631,,
ORD0094632,,
ORD0094633,,
ORD0094634,,
ORD0094635,,
ORD0094636,,
ORD0094637,,
ORD0094638,,
ORD0094639,,
ORD0094640,,
ORD0094641,,
ORD0094642,,
ORD0094643,,
ORD0094644,,
ORD0094645,,
ORD0094646,,
ORD0094647,,
ORD0094648,,
ORD0094649,,
ORD0094650,,
ORD0094651,,
ORD0094652,,
ORD0094653,,
ORD0094654,,
ORD0094655,,
ORD0094656,,
ORD0094657,,
ORD0094658,,
ORD0094659,,
ORD0094660,,
ORD0094661,,
ORD0094662,,
ORD0094663,,
ORD0094664,,
ORD0094665,,
ORD0094666,,
ORD0094667,,
ORD0094668,,
ORD0094669,,
ORD0094670,,
ORD0094671,,
ORD0094672,,
ORD0094673,,
ORD0094674,,
ORD0094675,,
ORD0094676,,
ORD0094677,,
ORD0094678,,
ORD0094679,,
ORD0094680,,
ORD0094681,,
ORD0094682,,
ORD0094683,,
ORD0094684,,
ORD0094685,,
ORD0094686,,
ORD0094687,,
ORD0094688,,
ORD0094689,,
ORD0094690,,
ORD0094691,,
ORD0094692,,
ORD0094693,,
ORD0094694,,
ORD0094695,,
ORD0094696,,
ORD0094697,,
ORD0094698,,
ORD0094699,,
ORD0094700,,
ORD0094701,,
ORD0094702,,
ORD0094703,,
ORD0094704,,
ORD0094705,,
ORD0094706,,
ORD0094707,,
ORD0094708,,
ORD0094709,,
ORD0094710,,
ORD0094711,,
ORD0094712,,
ORD0094713,,
ORD0094714,,
ORD0094715,,
ORD0094716,,
ORD0094717,,
ORD0094718,,
ORD0094719,,
ORD0094720,,
ORD0094721,,
ORD0094722,,
ORD0094723,,
ORD0094724,,
ORD0094725,,
ORD0094726,,
ORD0094727,,
ORD0094728,,
ORD0094729,,
ORD0094730,,
ORD0094731,,
ORD0094732,,
ORD0094733,,
ORD0094734,,
ORD0094735,,
ORD0094736,,
ORD0094737,,
ORD0094738,,
ORD0094739,,
ORD0094740,,
ORD0094741,,
ORD0094742,,
ORD0094743,,
ORD0094744,,
ORD0094745,,
ORD0094746,,
ORD0094747,,
ORD0094748,,
ORD0094749,,
ORD0094750,,
ORD0094751,,
ORD0094752,,
ORD0094753,,
ORD0094754,,
ORD0094755,,
ORD0094756,,
ORD0094757,,
ORD0094758,,
ORD0094759,,
ORD0094760,,
ORD0094761,,
ORD0094762,,
ORD0094763,,
ORD0094764,,
ORD0094765,,
ORD0094766,,
ORD0094767,,
ORD0094768,,
ORD0094769,,
ORD0094770,,
ORD0094771,,
ORD0094772,,
ORD0094773,,
ORD0094774,,
ORD0094775,,
ORD0094776,,
ORD0094777,,
ORD0094778,,
ORD0094779,,
ORD0094780,,
ORD0094781,,
ORD0094782,,
ORD0094783,,
ORD0094784,,
ORD0094785,,
ORD0094786,,
ORD0094787,,
ORD0094788,,
ORD0094789,,
ORD0094790,,
ORD0094791,,
ORD0094792,,
ORD0094793,,
ORD0094794,,
ORD0094795,,
ORD0094796,,
ORD0094797,,
ORD0094798,,
ORD0094799,,
ORD0094800,,
ORD0094801,,
ORD0094802,,
ORD0094803,,
ORD0094804,,
ORD0094805,,
ORD0094806,,
ORD0094807,,
ORD0094808,,
ORD0094809,,
ORD0094810,,
ORD0094811,,
ORD0094812,,
ORD0094813,,
ORD0094814,,
ORD0094815,,
ORD0094816,,
ORD0094817,,
ORD0094818,,
ORD0094819,,
ORD0094820,,
ORD0094821,,
ORD0094822,,
ORD0094823,,
ORD0094824,,
ORD0094825,,
ORD0094826,,
ORD0094827,,
ORD0094828,,
ORD0094829,,
ORD0094830,,
ORD0094831,,
ORD0094832,,
ORD0094833,,
ORD0094834,,
ORD0094835,,
ORD0094836,,
ORD0094837,,
ORD0094838,,
ORD0094839,,
ORD0094840,,
ORD0094841,,
ORD0094842,,
ORD0094843,,
ORD0094844,,
ORD0094845,,
ORD0094846,,
ORD0094847,,
ORD0094848,,
ORD0094849,,
ORD0094850,,
ORD0094851,,
ORD0094852,,
ORD0094853,,
ORD0094854,,
ORD0094855,,
ORD0094856,,
ORD0094857,,
ORD0094858,,
ORD0094859,,
ORD0094860,,
ORD0094861,,
ORD0094862,,
ORD0094863,,
ORD0094864,,
ORD0094865,,
ORD0094866,,
ORD0094867,,
ORD0094868,,
ORD0094869,,
ORD0094870,,
ORD0094871,,
ORD0094872,,
ORD0094873,,
ORD0094874,,
ORD0094875,,
ORD0094876,,
ORD0094877,,
ORD0094878,,
ORD0094879,,
ORD0094880,,
ORD0094881,,
ORD0094882,,
ORD0094883,,
ORD0094884,,
ORD0094885,,
ORD0094886,,
ORD0094887,,
ORD0094888,,
ORD0094889,,
ORD0094890,,
ORD0094891,,
ORD0094892,,
ORD0094893,,
ORD0094894,,
ORD0094895,,
ORD0094896,,
ORD0094897,,
ORD0094898,,
ORD0094899,,
ORD0094900,,
ORD0094901,,
ORD0094902,,
ORD0094903,,
ORD0094904,,
ORD0094905,,
ORD0094906,,
ORD0094907,,
ORD0094908,,
ORD0094909,,
ORD0094910,,
ORD0094911,,
ORD0094912,,
ORD0094913,,
ORD0094914,,
ORD0094915,,
ORD0094916,,
ORD0094917,,
ORD0094918,,
ORD0094919,,
ORD0094920,,
ORD0094921,,
ORD0094922,,
ORD0094923,,
ORD0094924,,
ORD0094925,,
ORD0094926,,
ORD0094927,,
ORD0094928,,
ORD0094929,,
ORD0094930,,
ORD0094931,,
ORD0094932,,
ORD0094933,,
ORD0094934,,
ORD0094935,,
ORD0094936,,
ORD0094937,,
ORD0094938,,
ORD0094939,,
ORD0094940,,
ORD0094941,,
ORD0094942,,
ORD0094943,,
ORD0094944,,
ORD0094945,,
ORD0094946,,
ORD0094947,,
ORD0094948,,
ORD0094949,,
ORD0094950,,
ORD0094951,,
ORD0094952,,
ORD0094953,,
ORD0094954,,
ORD0094955,,
ORD0094956,,
ORD0094957,,
ORD0094958,,
ORD0094959,,
ORD0094960,,
ORD0094961,,
ORD0094962,,
ORD0094963,,
ORD0094964,,
ORD0094965,,
ORD0094966,,
ORD0094967,,
ORD0094968,,
ORD0094969,,
ORD0094970,,
ORD0094971,,
ORD0094972,,
ORD0094973,,
ORD0094974,,
ORD0094975,,
ORD0094976,,
ORD0094977,,
ORD0094978,,
ORD0094979,,
ORD0094980,,
ORD0094981,,
ORD0094982,,
ORD0094983,,
ORD0094984,,
ORD0094985,,
ORD0094986,,
ORD0094987,,
ORD0094988,,
ORD0094989,,
ORD0094990,,
ORD0094991,,
ORD0094992,,
ORD0094993,,
ORD0094994,,
ORD0094995,,
ORD0094996,,
ORD0094997,,
ORD0094998,,
ORD0094999,,
ORD0095000,,
ORD0095001,,
ORD0095002,,
ORD0095003,,
ORD0095004,,
ORD0095005,,
ORD0095006,,
ORD0095007,,
ORD0095008,,
ORD0095009,,
ORD0095010,,
ORD0095011,,
ORD0095012,,
ORD0095013,,
ORD0095014,,
ORD0095015,,
ORD0095016,,
ORD0095017,,
ORD0095018,,
ORD0095019,,
ORD0095020,,
ORD0095021,,
ORD0095022,,
ORD0095023,,
ORD0095024,,
ORD0095025,,
ORD0095026,,
ORD0095027,,
ORD0095028,,
ORD0095029,,
ORD0095030,,
ORD0095031,,
ORD0095032,,
ORD0095033,,
ORD0095034,,
ORD0095035,,
ORD0095036,,
ORD0095037,,
ORD0095038,,
ORD0095039,,
ORD0095040,,
ORD0095041,,
ORD0095042,,
ORD0095043,,
ORD0095044,,
ORD0095045,,
ORD0095046,,
ORD0095047,,
ORD0095048,,
ORD0095049,,
ORD0095050,,
ORD0095051,,
ORD0095052,,
ORD0095053,,
ORD0095054,,
ORD0095055,,
ORD0095056,,
ORD0095057,,
ORD0095058,,
ORD0095059,,
ORD0095060,,
ORD0095061,,
ORD0095062,,
ORD0095063,,
ORD0095064,,
ORD0095065,,
ORD0095066,,
ORD0095067,,
ORD0095068,,
ORD0095069,,
ORD0095070,,
ORD0095071,,
ORD0095072,,
ORD0095073,,
ORD0095074,,
ORD0095075,,
ORD0095076,,
ORD0095077,,
ORD0095078,,
ORD0095079,,
ORD0095080,,
ORD0095081,,
ORD0095082,,
ORD0095083,,
ORD0095084,,
ORD0095085,,
ORD0095086,,
ORD0095087,,
ORD0095088,,
ORD0095089,,
ORD0095090,,
ORD0095091,,
ORD0095092,,
ORD0095093,,
ORD0095094,,
ORD0095095,,
ORD0095096,,
ORD0095097,,
ORD0095098,,
ORD0095099,,
ORD0095100,,
ORD0095101,,
ORD0095102,,
ORD0095103,,
ORD0095104,,
ORD0095105,,
ORD0095106,,
ORD0095107,,
ORD0095108,,
ORD0095109,,
ORD0095110,,
ORD0095111,,
ORD0095112,,
ORD0095113,,
ORD0095114,,
ORD0095115,,
ORD0095116,,
ORD0095117,,
ORD0095118,,
ORD0095119,,
ORD0095120,,
ORD0095121,,
ORD0095122,,
ORD0095123,,
ORD0095124,,
ORD0095125,,
ORD0095126,,
ORD0095127,,
ORD0095128,,
ORD0095129,,
ORD0095130,,
ORD0095131,,
ORD0095132,,
ORD0095133,,
ORD0095134,,
ORD0095135,,
ORD0095136,,
ORD0095137,,
ORD0095138,,
ORD0095139,,
ORD0095140,,
ORD0095141,,
ORD0095142,,
ORD0095143,,
ORD0095144,,
ORD0095145,,
ORD0095146,,
ORD0095147,,
ORD0095148,,
ORD0095149,,
ORD0095150,,
ORD0095151,,
ORD0095152,,
ORD0095153,,
ORD0095154,,
ORD0095155,,
ORD0095156,,
ORD0095157,,
ORD0095158,,
ORD0095159,,
ORD0095160,,
ORD0095161,,
ORD0095162,,
ORD0095163,,
ORD0095164,,
ORD0095165,,
ORD0095166,,
ORD0095167,,
ORD0095168,,
ORD0095169,,
ORD0095170,,
ORD0095171,,
ORD0095172,,
ORD0095173,,
ORD0095174,,
ORD0095175,,
ORD0095176,,
ORD0095177,,
ORD0095178,,
ORD0095179,,
ORD0095180,,
ORD0095181,,
ORD0095182,,
ORD0095183,,
ORD0095184,,
ORD0095185,,
ORD0095186,,
ORD0095187,,
ORD0095188,,
ORD0095189,,
ORD0095190,,
ORD0095191,,
ORD0095192,,
ORD0095193,,
ORD0095194,,
ORD0095195,,
ORD0095196,,
ORD0095197,,
ORD0095198,,
ORD0095199,,
ORD0095200,,
ORD0095201,,
ORD0095202,,
ORD0095203,,
ORD0095204,,
ORD0095205,,
ORD0095206,,
ORD0095207,,
ORD0095208,,
ORD0095209,,
ORD0095210,,
ORD0095211,,
ORD0095212,,
ORD0095213,,
ORD0095214,,
ORD0095215,,
ORD0095216,,
ORD0095217,,
ORD0095218,,
ORD0095219,,
ORD0095220,,
ORD0095221,,
ORD0095222,,
ORD0095223,,
ORD0095224,,
ORD0095225,,
ORD0095226,,
ORD0095227,,
ORD0095228,,
ORD0095229,,
ORD0095230,,
ORD0095231,,
ORD0095232,,
ORD0095233,,
ORD0095234,,
ORD0095235,,
ORD0095236,,
ORD0095237,,
ORD0095238,,
ORD0095239,,
ORD0095240,,
ORD0095241,,
ORD0095242,,
ORD0095243,,
ORD0095244,,
ORD0095245,,
ORD0095246,,
ORD0095247,,
ORD0095248,,
ORD0095249,,
ORD0095250,,
ORD0095251,,
ORD0095252,,
ORD0095253,,
ORD0095254,,
ORD0095255,,
ORD0095256,,
ORD0095257,,
ORD0095258,,
ORD0095259,,
ORD0095260,,
ORD0095261,,
ORD0095262,,
ORD0095263,,
ORD0095264,,
ORD0095265,,
ORD0095266,,
ORD0095267,,
ORD0095268,,
ORD0095269,,
ORD0095270,,
ORD0095271,,
ORD0095272,,
ORD0095273,,
ORD0095274,,
ORD0095275,,
ORD0095276,,
ORD0095277,,
ORD0095278,,
ORD0095279,,
ORD0095280,,
ORD0095281,,
ORD0095282,,
ORD0095283,,
ORD0095284,,
ORD0095285,,
ORD0095286,,
ORD0095287,,
ORD0095288,,
ORD0095289,,
ORD0095290,,
ORD0095291,,
ORD0095292,,
ORD0095293,,
ORD0095294,,
ORD0095295,,
ORD0095296,,
ORD0095297,,
ORD0095298,,
ORD0095299,,
ORD0095300,,
ORD0095301,,
ORD0095302,,
ORD0095303,,
ORD0095304,,
ORD0095305,,
ORD0095306,,
ORD0095307,,
ORD0095308,,
ORD0095309,,
ORD0095310,,
ORD0095311,,
ORD0095312,,
ORD0095313,,
ORD0095314,,
ORD0095315,,
ORD0095316,,
ORD0095317,,
ORD0095318,,
ORD0095319,,
ORD0095320,,
ORD0095321,,
ORD0095322,,
ORD0095323,,
ORD0095324,,
ORD0095325,,
ORD0095326,,
ORD0095327,,
ORD0095328,,
ORD0095329,,
ORD0095330,,
ORD0095331,,
ORD0095332,,
ORD0095333,,
ORD0095334,,
ORD0095335,,
ORD0095336,,
ORD0095337,,
ORD0095338,,
ORD0095339,,
ORD0095340,,
ORD0095341,,
ORD0095342,,
ORD0095343,,
ORD0095344,,
ORD0095345,,
ORD0095346,,
ORD0095347,,
ORD0095348,,
ORD0095349,,
ORD0095350,,
ORD0095351,,
ORD0095352,,
ORD0095353,,
ORD0095354,,
ORD0095355,,
ORD0095356,,
ORD0095357,,
ORD0095358,,
ORD0095359,,
ORD0095360,,
ORD0095361,,
ORD0095362,,
ORD0095363,,
ORD0095364,,
ORD0095365,,
ORD0095366,,
ORD0095367,,
ORD0095368,,
ORD0095369,,
ORD0095370,,
ORD0095371,,
ORD0095372,,
ORD0095373,,
ORD0095374,,
ORD0095375,,
ORD0095376,,
ORD0095377,,
ORD0095378,,
ORD0095379,,
ORD0095380,,
ORD0095381,,
ORD0095382,,
ORD0095383,,
ORD0095384,,
ORD0095385,,
ORD0095386,,
ORD0095387,,
ORD0095388,,
ORD0095389,,
ORD0095390,,
ORD0095391,,
ORD0095392,,
ORD0095393,,
ORD0095394,,
ORD0095395,,
ORD0095396,,
ORD0095397,,
ORD0095398,,
ORD0095399,,
ORD0095401,,
ORD0095402,,
ORD0095403,,
ORD0095404,,
ORD0095405,,
ORD0095406,,
ORD0095408,,
ORD0095409,,
ORD0095410,,
ORD0095411,,
ORD0095412,,
ORD0095413,,
ORD0095414,,
ORD0095415,,
ORD0095416,,
ORD0095417,,
ORD0095418,,
ORD0095419,,
ORD0095420,,
ORD0095421,,
ORD0095422,,
ORD0095423,,
ORD0095424,,
ORD0095425,,
ORD0095426,,
ORD0095427,,
ORD0095428,,
ORD0095429,,
ORD0095430,,
ORD0095431,,
ORD0095432,,
ORD0095433,,
ORD0095434,,
ORD0095435,,
ORD0095436,,
ORD0095437,,
ORD0095438,,
ORD0095439,,
ORD0095440,,
ORD0095441,,
ORD0095442,,
ORD0095443,,
ORD0095444,,
ORD0095445,,
ORD0095446,,
ORD0095447,,
ORD0095448,,
ORD0095449,,
ORD0095450,,
ORD0095451,,
ORD0095452,,
ORD0095453,,
ORD0095454,,
ORD0095455,,
ORD0095456,,
ORD0095457,,
ORD0095458,,
ORD0095459,,
ORD0095460,,
ORD0095461,,
ORD0095462,,
ORD0095463,,
ORD0095464,,
ORD0095465,,
ORD0095466,,
ORD0095467,,
ORD0095468,,
ORD0095469,,
ORD0095470,,
ORD0095471,,
ORD0095472,,
ORD0095473,,
ORD0095474,,
ORD0095475,,
ORD0095476,,
ORD0095477,,
ORD0095478,,
ORD0095479,,
ORD0095480,,
ORD0095481,,
ORD0095482,,
ORD0095483,,
ORD0095484,,
ORD0095485,,
ORD0095486,,
ORD0095487,,
ORD0095488,,
ORD0095489,,
ORD0095490,,
ORD0095491,,
ORD0095492,,
ORD0095493,,
ORD0095494,,
ORD0095495,,
ORD0095496,,
ORD0095497,,
ORD0095498,,
ORD0095499,,
ORD0095500,,
ORD0095501,,
ORD0095502,,
ORD0095503,,
ORD0095504,,
ORD0095505,,
ORD0095506,,
ORD0095507,,
ORD0095508,,
ORD0095509,,
ORD0095510,,
ORD0095511,,
ORD0095512,,
ORD0095513,,
ORD0095514,,
ORD0095515,,
ORD0095516,,
ORD0095517,,
ORD0095518,,
ORD0095519,,
ORD0095520,,
ORD0095521,,
ORD0095522,,
ORD0095523,,
ORD0095524,,
ORD0095525,,
ORD0095526,,
ORD0095527,,
ORD0095528,,
ORD0095529,,
ORD0095530,,
ORD0095531,,
ORD0095532,,
ORD0095533,,
ORD0095534,,
ORD0095535,,
ORD0095536,,
ORD0095537,,
ORD0095538,,
ORD0095540,,
ORD0095541,,
ORD0095542,,
ORD0095543,,
ORD0095544,,
ORD0095545,,
ORD0095546,,
ORD0095547,,
ORD0095548,,
ORD0095549,,
ORD0095550,,
ORD0095551,,
ORD0095552,,
ORD0095553,,
ORD0095554,,
ORD0095555,,
ORD0095556,,
ORD0095557,,
ORD0095558,,
ORD0095559,,
ORD0095560,,
ORD0095561,,
ORD0095562,,
ORD0095563,,
ORD0095564,,
ORD0095565,,
ORD0095566,,
ORD0095567,,
ORD0095568,,
ORD0095569,,
ORD0095570,,
ORD0095571,,
ORD0095572,,
ORD0095573,,
ORD0095574,,
ORD0095575,,
ORD0095576,,
ORD0095577,,
ORD0095578,,
ORD0095579,,
ORD0095580,,
ORD0095581,,
ORD0095582,,
ORD0095583,,
ORD0095584,,
ORD0095585,,
ORD0095586,,
ORD0095587,,
ORD0095588,,
ORD0095589,,
ORD0095590,,
ORD0095591,,
ORD0095592,,
ORD0095593,,
ORD0095594,,
ORD0095595,,
ORD0095596,,
ORD0095597,,
ORD0095598,,
ORD0095599,,
ORD0095600,,
ORD0095601,,
ORD0095602,,
ORD0095603,,
ORD0095604,,
ORD0095605,,
ORD0095606,,
ORD0095607,,
ORD0095608,,
ORD0095609,,
ORD0095610,,
ORD0095611,,
ORD0095612,,
ORD0095613,,
ORD0095614,,
ORD0095615,,
ORD0095616,,
ORD0095617,,
ORD0095618,,
ORD0095619,,
ORD0095620,,
ORD0095621,,
ORD0095622,,
ORD0095623,,
ORD0095624,,
ORD0095625,,
ORD0095626,,
ORD0095627,,
ORD0095628,,
ORD0095629,,
ORD0095630,,
ORD0095631,,
ORD0095632,,
ORD0095633,,
ORD0095634,,
ORD0095635,,
ORD0095636,,
ORD0095637,,
ORD0095638,,
ORD0095639,,
ORD0095640,,
ORD0095641,,
ORD0095642,,
ORD0095643,,
ORD0095644,,
ORD0095645,,
ORD0095646,,
ORD0095647,,
ORD0095648,,
ORD0095649,,
ORD0095650,,
ORD0095651,,
ORD0095652,,
ORD0095653,,
ORD0095654,,
ORD0095655,,
ORD0095656,,
ORD0095657,,
ORD0095658,,
ORD0095659,,
ORD0095660,,
ORD0095661,,
ORD0095662,,
ORD0095663,,
ORD0095664,,
ORD0095665,,
ORD0095666,,
ORD0095667,,
ORD0095668,,
ORD0095669,,
ORD0095670,,
ORD0095671,,
ORD0095672,,
ORD0095673,,
ORD0095674,,
ORD0095675,,
ORD0095676,,
ORD0095677,,
ORD0095678,,
ORD0095679,,
ORD0095680,,
ORD0095681,,
ORD0095682,,
ORD0095683,,
ORD0095684,,
ORD0095685,,
ORD0095686,,
ORD0095687,,
ORD0095688,,
ORD0095689,,
ORD0095690,,
ORD0095691,,
ORD0095692,,
ORD0095693,,
ORD0095694,,
ORD0095695,,
ORD0095696,,
ORD0095697,,
ORD0095698,,
ORD0095699,,
ORD0095700,,
ORD0095701,,
ORD0095702,,
ORD0095703,,
ORD0095704,,
ORD0095705,,
ORD0095706,,
ORD0095707,,
ORD0095708,,
ORD0095709,,
ORD0095710,,
ORD0095711,,
ORD0095712,,
ORD0095713,,
ORD0095714,,
ORD0095715,,
ORD0095716,,
ORD0095717,,
ORD0095718,,
ORD0095719,,
ORD0095720,,
ORD0095721,,
ORD0095722,,
ORD0095723,,
ORD0095724,,
ORD0095725,,
ORD0095726,,
ORD0095727,,
ORD0095728,,
ORD0095729,,
ORD0095730,,
ORD0095731,,
ORD0095732,,
ORD0095733,,
ORD0095734,,
ORD0095735,,
ORD0095736,,
ORD0095737,,
ORD0095738,,
ORD0095739,,
ORD0095740,,
ORD0095741,,
ORD0095742,,
ORD0095743,,
ORD0095744,,
ORD0095745,,
ORD0095746,,
ORD0095747,,
ORD0095748,,
ORD0095749,,
ORD0095750,,
ORD0095751,,
ORD0095752,,
ORD0095753,,
ORD0095754,,
ORD0095755,,
ORD0095756,,
ORD0095757,,
ORD0095758,,
ORD0095759,,
ORD0095760,,
ORD0095761,,
ORD0095762,,
ORD0095763,,
ORD0095764,,
ORD0095765,,
ORD0095766,,
ORD0095767,,
ORD0095768,,
ORD0095769,,
ORD0095770,,
ORD0095771,,
ORD0095772,,
ORD0095773,,
ORD0095774,,
ORD0095775,,
ORD0095776,,
ORD0095777,,
ORD0095778,,
ORD0095779,,
ORD0095780,,
ORD0095781,,
ORD0095782,,
ORD0095783,,
ORD0095784,,
ORD0095785,,
ORD0095786,,
ORD0095787,,
ORD0095788,,
ORD0095789,,
ORD0095790,,
ORD0095791,,
ORD0095792,,
ORD0095793,,
ORD0095794,,
ORD0095795,,
ORD0095796,,
ORD0095797,,
ORD0095798,,
ORD0095799,,
ORD0095800,,
ORD0095801,,
ORD0095802,,
ORD0095803,,
ORD0095804,,
ORD0095805,,
ORD0095806,,
ORD0095807,,
ORD0095808,,
ORD0095809,,
ORD0095810,,
ORD0095811,,
ORD0095812,,
ORD0095813,,
ORD0095814,,
ORD0095815,,
ORD0095816,,
ORD0095817,,
ORD0095818,,
ORD0095819,,
ORD0095820,,
ORD0095821,,
ORD0095822,,
ORD0095823,,
ORD0095824,,
ORD0095825,,
ORD0095826,,
ORD0095827,,
ORD0095828,,
ORD0095829,,
ORD0095830,,
ORD0095831,,
ORD0095832,,
ORD0095833,,
ORD0095834,,
ORD0095835,,
ORD0095836,,
ORD0095837,,
ORD0095838,,
ORD0095839,,
ORD0095840,,
ORD0095841,,
ORD0095842,,
ORD0095843,,
ORD0095844,,
ORD0095845,,
ORD0095846,,
ORD0095847,,
ORD0095848,,
ORD0095849,,
ORD0095850,,
ORD0095851,,
ORD0095852,,
ORD0095853,,
ORD0095854,,
ORD0095855,,
ORD0095856,,
ORD0095857,,
ORD0095858,,
ORD0095859,,
ORD0095860,,
ORD0095861,,
ORD0095862,,
ORD0095863,,
ORD0095864,,
ORD0095865,,
ORD0095866,,
ORD0095867,,
ORD0095868,,
ORD0095869,,
ORD0095870,,
ORD0095871,,
ORD0095872,,
ORD0095873,,
ORD0095874,,
ORD0095875,,
ORD0095876,,
ORD0095877,,
ORD0095878,,
ORD0095879,,
ORD0095880,,
ORD0095881,,
ORD0095882,,
ORD0095883,,
ORD0095884,,
ORD0095885,,
ORD0095886,,
ORD0095887,,
ORD0095888,,
ORD0095889,,
ORD0095890,,
ORD0095891,,
ORD0095892,,
ORD0095893,,
ORD0095894,,
ORD0095895,,
ORD0095896,,
ORD0095897,,
ORD0095898,,
ORD0095899,,
ORD0095900,,
ORD0095901,,
ORD0095902,,
ORD0095903,,
ORD0095904,,
ORD0095905,,
ORD0095906,,
ORD0095907,,
ORD0095908,,
ORD0095909,,
ORD0095910,,
ORD0095911,,
ORD0095912,,
ORD0095913,,
ORD0095914,,
ORD0095915,,
ORD0095916,,
ORD0095917,,
ORD0095918,,
ORD0095919,,
ORD0095920,,
ORD0095921,,
ORD0095922,,
ORD0095923,,
ORD0095924,,
ORD0095925,,
ORD0095926,,
ORD0095927,,
ORD0095928,,
ORD0095929,,
ORD0095930,,
ORD0095931,,
ORD0095932,,
ORD0095933,,
ORD0095934,,
ORD0095935,,
ORD0095936,,
ORD0095937,,
ORD0095938,,
ORD0095939,,
ORD0095940,,
ORD0095941,,
ORD0095942,,
ORD0095943,,
ORD0095944,,
ORD0095945,,
ORD0095946,,
ORD0095947,,
ORD0095948,,
ORD0095949,,
ORD0095950,,
ORD0095951,,
ORD0095952,,
ORD0095953,,
ORD0095954,,
ORD0095955,,
ORD0095956,,
ORD0095957,,
ORD0095958,,
ORD0095959,,
ORD0095960,,
ORD0095961,,
ORD0095962,,
ORD0095963,,
ORD0095964,,
ORD0095965,,
ORD0095966,,
ORD0095967,,
ORD0095968,,
ORD0095969,,
ORD0095970,,
ORD0095971,,
ORD0095972,,
ORD0095973,,
ORD0095974,,
ORD0095975,,
ORD0095976,,
ORD0095977,,
ORD0095978,,
ORD0095979,,
ORD0095980,,
ORD0095981,,
ORD0095982,,
ORD0095983,,
ORD0095984,,
ORD0095985,,
ORD0095986,,
ORD0095987,,
ORD0095988,,
ORD0095989,,
ORD0095990,,
ORD0095991,,
ORD0095992,,
ORD0095993,,
ORD0095994,,
ORD0095995,,
ORD0095996,,
ORD0095997,,
ORD0095998,,
ORD0095999,,
ORD0096000,,
ORD0096001,,
ORD0096002,,
ORD0096003,,
ORD0096004,,
ORD0096005,,
ORD0096006,,
ORD0096007,,
ORD0096008,,
ORD0096009,,
ORD0096010,,
ORD0096011,,
ORD0096012,,
ORD0096013,,
ORD0096014,,
ORD0096015,,
ORD0096016,,
ORD0096017,,
ORD0096018,,
ORD0096019,,
ORD0096020,,
ORD0096021,,
ORD0096022,,
ORD0096023,,
ORD0096024,,
ORD0096025,,
ORD0096026,,
ORD0096027,,
ORD0096028,,
ORD0096029,,
ORD0096030,,
ORD0096031,,
ORD0096032,,
ORD0096033,,
ORD0096034,,
ORD0096035,,
ORD0096036,,
ORD0096037,,
ORD0096038,,
ORD0096039,,
ORD0096040,,
ORD0096041,,
ORD0096042,,
ORD0096043,,
ORD0096044,,
ORD0096045,,
ORD0096046,,
ORD0096047,,
ORD0096048,,
ORD0096049,,
ORD0096050,,
ORD0096051,,
ORD0096052,,
ORD0096053,,
ORD0096054,,
ORD0096055,,
ORD0096056,,
ORD0096057,,
ORD0096058,,
ORD0096059,,
ORD0096060,,
ORD0096061,,
ORD0096062,,
ORD0096063,,
ORD0096064,,
ORD0096065,,
ORD0096066,,
ORD0096067,,
ORD0096068,,
ORD0096069,,
ORD0096070,,
ORD0096071,,
ORD0096072,,
ORD0096073,,
ORD0096074,,
ORD0096075,,
ORD0096076,,
ORD0096077,,
ORD0096078,,
ORD0096079,,
ORD0096080,,
ORD0096081,,
ORD0096082,,
ORD0096083,,
ORD0096084,,
ORD0096085,,
ORD0096086,,
ORD0096087,,
ORD0096088,,
ORD0096089,,
ORD0096090,,
ORD0096091,,
ORD0096092,,
ORD0096093,,
ORD0096094,,
ORD0096095,,
ORD0096096,,
ORD0096097,,
ORD0096098,,
ORD0096099,,
ORD0096100,,
ORD0096101,,
ORD0096102,,
ORD0096103,,
ORD0096104,,
ORD0096105,,
ORD0096106,,
ORD0096107,,
ORD0096108,,
ORD0096109,,
ORD0096110,,
ORD0096111,,
ORD0096112,,
ORD0096113,,
ORD0096114,,
ORD0096115,,
ORD0096116,,
ORD0096117,,
ORD0096118,,
ORD0096119,,
ORD0096120,,
ORD0096121,,
ORD0096122,,
ORD0096123,,
ORD0096124,,
ORD0096125,,
ORD0096126,,
ORD0096127,,
ORD0096128,,
ORD0096129,,
ORD0096130,,
ORD0096131,,
ORD0096132,,
ORD0096133,,
ORD0096134,,
ORD0096135,,
ORD0096136,,
ORD0096137,,
ORD0096138,,
ORD0096139,,
ORD0096140,,
ORD0096141,,
ORD0096142,,
ORD0096143,,
ORD0096144,,
ORD0096145,,
ORD0096146,,
ORD0096147,,
ORD0096148,,
ORD0096149,,
ORD0096150,,
ORD0096151,,
ORD0096152,,
ORD0096153,,
ORD0096154,,
ORD0096155,,
ORD0096156,,
ORD0096157,,
ORD0096158,,
ORD0096159,,
ORD0096160,,
ORD0096161,,
ORD0096162,,
ORD0096163,,
ORD0096164,,
ORD0096165,,
ORD0096166,,
ORD0096167,,
ORD0096168,,
ORD0096169,,
ORD0096170,,
ORD0096171,,
ORD0096172,,
ORD0096173,,
ORD0096174,,
ORD0096175,,
ORD0096176,,
ORD0096177,,
ORD0096178,,
ORD0096179,,
ORD0096180,,
ORD0096181,,
ORD0096182,,
ORD0096183,,
ORD0096184,,
ORD0096185,,
ORD0096186,,
ORD0096187,,
ORD0096188,,
ORD0096189,,
ORD0096190,,
ORD0096191,,
ORD0096192,,
ORD0096193,,
ORD0096194,,
ORD0096195,,
ORD0096196,,
ORD0096197,,
ORD0096198,,
ORD0096199,,
ORD0096200,,
ORD0096201,,
ORD0096202,,
ORD0096203,,
ORD0096204,,
ORD0096205,,
ORD0096206,,
ORD0096207,,
ORD0096208,,
ORD0096209,,
ORD0096210,,
ORD0096211,,
ORD0096212,,
ORD0096213,,
ORD0096214,,
ORD0096215,,
ORD0096216,,
ORD0096217,,
ORD0096218,,
ORD0096219,,
ORD0096220,,
ORD0096221,,
ORD0096222,,
ORD0096223,,
ORD0096224,,
ORD0096225,,
ORD0096226,,
ORD0096227,,
ORD0096228,,
ORD0096229,,
ORD0096230,,
ORD0096231,,
ORD0096232,,
ORD0096233,,
ORD0096234,,
ORD0096235,,
ORD0096236,,
ORD0096237,,
ORD0096238,,
ORD0096239,,
ORD0096240,,
ORD0096241,,
ORD0096242,,
ORD0096243,,
ORD0096244,,
ORD0096245,,
ORD0096246,,
ORD0096247,,
ORD0096248,,
ORD0096249,,
ORD0096250,,
ORD0096251,,
ORD0096252,,
ORD0096253,,
ORD0096254,,
ORD0096255,,
ORD0096256,,
ORD0096257,,
ORD0096258,,
ORD0096259,,
ORD0096260,,
ORD0096261,,
ORD0096262,,
ORD0096263,,
ORD0096264,,
ORD0096265,,
ORD0096266,,
ORD0096267,,
ORD0096268,,
ORD0096269,,
ORD0096270,,
ORD0096271,,
ORD0096272,,
ORD0096273,,
ORD0096274,,
ORD0096275,,
ORD0096276,,
ORD0096277,,
ORD0096278,,
ORD0096279,,
ORD0096280,,
ORD0096281,,
ORD0096282,,
ORD0096283,,
ORD0096284,,
ORD0096285,,
ORD0096286,,
ORD0096287,,
ORD0096288,,
ORD0096289,,
ORD0096290,,
ORD0096291,,
ORD0096292,,
ORD0096293,,
ORD0096294,,
ORD0096295,,
ORD0096296,,
ORD0096297,,
ORD0096298,,
ORD0096299,,
ORD0096300,,
ORD0096301,,
ORD0096302,,
ORD0096303,,
ORD0096304,,
ORD0096305,,
ORD0096306,,
ORD0096307,,
ORD0096308,,
ORD0096309,,
ORD0096310,,
ORD0096311,,
ORD0096312,,
ORD0096313,,
ORD0096314,,
ORD0096315,,
ORD0096316,,
ORD0096317,,
ORD0096318,,
ORD0096319,,
ORD0096320,,
ORD0096321,,
ORD0096322,,
ORD0096323,,
ORD0096324,,
ORD0096325,,
ORD0096326,,
ORD0096327,,
ORD0096328,,
ORD0096329,,
ORD0096330,,
ORD0096331,,
ORD0096332,,
ORD0096333,,
ORD0096334,,
ORD0096335,,
ORD0096336,,
ORD0096337,,
ORD0096338,,
ORD0096339,,
ORD0096340,,
ORD0096341,,
ORD0096342,,
ORD0096343,,
ORD0096344,,
ORD0096345,,
ORD0096346,,
ORD0096347,,
ORD0096348,,
ORD0096349,,
ORD0096350,,
ORD0096351,,
ORD0096352,,
ORD0096353,,
ORD0096354,,
ORD0096355,,
ORD0096356,,
ORD0096357,,
ORD0096358,,
ORD0096359,,
ORD0096360,,
ORD0096361,,
ORD0096362,,
ORD0096363,,
ORD0096364,,
ORD0096365,,
ORD0096366,,
ORD0096367,,
ORD0096368,,
ORD0096369,,
ORD0096371,,
ORD0096373,,
ORD0096374,,
ORD0096375,,
ORD0096376,,
ORD0096377,,
ORD0096378,,
ORD0096380,,
ORD0096382,,
ORD0096383,,
ORD0096385,,
ORD0096386,,
ORD0096387,,
ORD0096389,,
ORD0096390,,
ORD0096391,,
ORD0096392,,
ORD0096393,,
ORD0096394,,
ORD0096395,,
ORD0096396,,
ORD0096397,,
ORD0096398,,
ORD0096399,,
ORD0096400,,
ORD0096401,,
ORD0096402,,
ORD0096403,,
ORD0096404,,
ORD0096405,,
ORD0096406,,
ORD0096407,,
ORD0096408,,
ORD0096409,,
ORD0096410,,
ORD0096411,,
ORD0096412,,
ORD0096413,,
ORD0096414,,
ORD0096415,,
ORD0096416,,
ORD0096417,,
ORD0096418,,
ORD0096419,,
ORD0096420,,
ORD0096421,,
ORD0096422,,
ORD0096423,,
ORD0096424,,
ORD0096425,,
ORD0096426,,
ORD0096427,,
ORD0096428,,
ORD0096429,,
ORD0096430,,
ORD0096431,,
ORD0096432,,
ORD0096433,,
ORD0096434,,
ORD0096435,,
ORD0096436,,
ORD0096437,,
ORD0096438,,
ORD0096439,,
ORD0096440,,
ORD0096441,,
ORD0096442,,
ORD0096443,,
ORD0096444,,
ORD0096445,,
ORD0096446,,
ORD0096447,,
ORD0096448,,
ORD0096449,,
ORD0096450,,
ORD0096451,,
ORD0096452,,
ORD0096453,,
ORD0096454,,
ORD0096455,,
ORD0096456,,
ORD0096457,,
ORD0096458,,
ORD0096459,,
ORD0096460,,
ORD0096461,,
ORD0096462,,
ORD0096463,,
ORD0096464,,
ORD0096465,,
ORD0096466,,
ORD0096467,,
ORD0096468,,
ORD0096469,,
ORD0096470,,
ORD0096471,,
ORD0096472,,
ORD0096473,,
ORD0096474,,
ORD0096475,,
ORD0096476,,
ORD0096477,,
ORD0096478,,
ORD0096479,,
ORD0096480,,
ORD0096481,,
ORD0096482,,
ORD0096483,,
ORD0096484,,
ORD0096485,,
ORD0096486,,
ORD0096487,,
ORD0096488,,
ORD0096489,,
ORD0096490,,
ORD0096491,,
ORD0096492,,
ORD0096493,,
ORD0096494,,
ORD0096495,,
ORD0096496,,
ORD0096497,,
ORD0096498,,
ORD0096499,,
ORD0096500,,
ORD0096501,,
ORD0096502,,
ORD0096503,,
ORD0096504,,
ORD0096505,,
ORD0096506,,
ORD0096507,,
ORD0096508,,
ORD0096509,,
ORD0096510,,
ORD0096511,,
ORD0096512,,
ORD0096513,,
ORD0096514,,
ORD0096515,,
ORD0096516,,
ORD0096517,,
ORD0096518,,
ORD0096519,,
ORD0096520,,
ORD0096521,,
ORD0096522,,
ORD0096523,,
ORD0096524,,
ORD0096525,,
ORD0096526,,
ORD0096527,,
ORD0096528,,
ORD0096529,,
ORD0096530,,
ORD0096531,,
ORD0096532,,
ORD0096533,,
ORD0096534,,
ORD0096535,,
ORD0096536,,
ORD0096537,,
ORD0096538,,
ORD0096539,,
ORD0096540,,
ORD0096541,,
ORD0096542,,
ORD0096543,,
ORD0096544,,
ORD0096545,,
ORD0096546,,
ORD0096547,,
ORD0096548,,
ORD0096549,,
ORD0096550,,
ORD0096551,,
ORD0096552,,
ORD0096553,,
ORD0096554,,
ORD0096555,,
ORD0096556,,
ORD0096557,,
ORD0096558,,
ORD0096559,,
ORD0096560,,
ORD0096561,,
ORD0096562,,
ORD0096563,,
ORD0096564,,
ORD0096565,,
ORD0096566,,
ORD0096567,,
ORD0096568,,
ORD0096569,,
ORD0096570,,
ORD0096571,,
ORD0096572,,
ORD0096573,,
ORD0096574,,
ORD0096575,,
ORD0096576,,
ORD0096577,,
ORD0096578,,
ORD0096579,,
ORD0096580,,
ORD0096581,,
ORD0096582,,
ORD0096583,,
ORD0096584,,
ORD0096585,,
ORD0096586,,
ORD0096587,,
ORD0096588,,
ORD0096589,,
ORD0096590,,
ORD0096591,,
ORD0096592,,
ORD0096593,,
ORD0096594,,
ORD0096595,,
ORD0096596,,
ORD0096597,,
ORD0096598,,
ORD0096599,,
ORD0096600,,
ORD0096601,,
ORD0096602,,
ORD0096603,,
ORD0096604,,
ORD0096605,,
ORD0096606,,
ORD0096607,,
ORD0096608,,
ORD0096609,,
ORD0096610,,
ORD0096611,,
ORD0096612,,
ORD0096613,,
ORD0096614,,
ORD0096615,,
ORD0096616,,
ORD0096617,,
ORD0096618,,
ORD0096619,,
ORD0096620,,
ORD0096621,,
ORD0096622,,
ORD0096623,,
ORD0096624,,
ORD0096625,,
ORD0096626,,
ORD0096627,,
ORD0096628,,
ORD0096629,,
ORD0096630,,
ORD0096631,,
ORD0096632,,
ORD0096633,,
ORD0096634,,
ORD0096635,,
ORD0096636,,
ORD0096637,,
ORD0096638,,
ORD0096639,,
ORD0096640,,
ORD0096641,,
ORD0096642,,
ORD0096643,,
ORD0096644,,
ORD0096645,,
ORD0096646,,
ORD0096647,,
ORD0096648,,
ORD0096649,,
ORD0096650,,
ORD0096651,,
ORD0096652,,
ORD0096653,,
ORD0096654,,
ORD0096655,,
ORD0096656,,
ORD0096657,,
ORD0096658,,
ORD0096659,,
ORD0096660,,
ORD0096661,,
ORD0096662,,
ORD0096663,,
ORD0096664,,
ORD0096665,,
ORD0096666,,
ORD0096667,,
ORD0096668,,
ORD0096669,,
ORD0096670,,
ORD0096671,,
ORD0096672,,
ORD0096673,,
ORD0096674,,
ORD0096675,,
ORD0096676,,
ORD0096677,,
ORD0096678,,
ORD0096679,,
ORD0096680,,
ORD0096681,,
ORD0096682,,
ORD0096683,,
ORD0096684,,
ORD0096685,,
ORD0096686,,
ORD0096687,,
ORD0096688,,
ORD0096689,,
ORD0096690,,
ORD0096691,,
ORD0096692,,
ORD0096693,,
ORD0096694,,
ORD0096695,,
ORD0096696,,
ORD0096697,,
ORD0096698,,
ORD0096699,,
ORD0096700,,
ORD0096701,,
ORD0096702,,
ORD0096703,,
ORD0096704,,
ORD0096705,,
ORD0096706,,
ORD0096707,,
ORD0096708,,
ORD0096709,,
ORD0096710,,
ORD0096711,,
ORD0096712,,
ORD0096713,,
ORD0096714,,
ORD0096715,,
ORD0096716,,
ORD0096717,,
ORD0096718,,
ORD0096719,,
ORD0096720,,
ORD0096721,,
ORD0096722,,
ORD0096723,,
ORD0096724,,
ORD0096725,,
ORD0096726,,
ORD0096727,,
ORD0096728,,
ORD0096729,,
ORD0096730,,
ORD0096731,,
ORD0096732,,
ORD0096733,,
ORD0096734,,
ORD0096735,,
ORD0096736,,
ORD0096737,,
ORD0096738,,
ORD0096739,,
ORD0096740,,
ORD0096741,,
ORD0096742,,
ORD0096743,,
ORD0096744,,
ORD0096745,,
ORD0096746,,
ORD0096747,,
ORD0096748,,
ORD0096749,,
ORD0096750,,
ORD0096751,,
ORD0096752,,
ORD0096753,,
ORD0096754,,
ORD0096755,,
ORD0096756,,
ORD0096757,,
ORD0096758,,
ORD0096759,,
ORD0096760,,
ORD0096761,,
ORD0096762,,
ORD0096763,,
ORD0096764,,
ORD0096765,,
ORD0096766,,
ORD0096767,,
ORD0096768,,
ORD0096769,,
ORD0096770,,
ORD0096771,,
ORD0096772,,
ORD0096773,,
ORD0096774,,
ORD0096775,,
ORD0096776,,
ORD0096777,,
ORD0096778,,
ORD0096779,,
ORD0096780,,
ORD0096781,,
ORD0096782,,
ORD0096783,,
ORD0096784,,
ORD0096785,,
ORD0096786,,
ORD0096787,,
ORD0096788,,
ORD0096789,,
ORD0096790,,
ORD0096791,,
ORD0096792,,
ORD0096793,,
ORD0096794,,
ORD0096795,,
ORD0096796,,
ORD0096797,,
ORD0096798,,
ORD0096799,,
ORD0096800,,
ORD0096801,,
ORD0096802,,
ORD0096803,,
ORD0096804,,
ORD0096805,,
ORD0096806,,
ORD0096807,,
ORD0096808,,
ORD0096809,,
ORD0096810,,
ORD0096811,,
ORD0096812,,
ORD0096813,,
ORD0096814,,
ORD0096815,,
ORD0096816,,
ORD0096817,,
ORD0096818,,
ORD0096819,,
ORD0096820,,
ORD0096821,,
ORD0096822,,
ORD0096823,,
ORD0096824,,
ORD0096825,,
ORD0096826,,
ORD0096827,,
ORD0096828,,
ORD0096829,,
ORD0096830,,
ORD0096831,,
ORD0096832,,
ORD0096833,,
ORD0096834,,
ORD0096835,,
ORD0096836,,
ORD0096837,,
ORD0096838,,
ORD0096839,,
ORD0096840,,
ORD0096841,,
ORD0096842,,
ORD0096843,,
ORD0096844,,
ORD0096845,,
ORD0096846,,
ORD0096847,,
ORD0096848,,
ORD0096849,,
ORD0096850,,
ORD0096851,,
ORD0096852,,
ORD0096853,,
ORD0096854,,
ORD0096855,,
ORD0096856,,
ORD0096857,,
ORD0096858,,
ORD0096859,,
ORD0096860,,
ORD0096861,,
ORD0096862,,
ORD0096863,,
ORD0096864,,
ORD0096865,,
ORD0096866,,
ORD0096867,,
ORD0096868,,
ORD0096869,,
ORD0096870,,
ORD0096871,,
ORD0096872,,
ORD0096873,,
ORD0096874,,
ORD0096875,,
ORD0096876,,
ORD0096877,,
ORD0096878,,
ORD0096879,,
ORD0096880,,
ORD0096881,,
ORD0096882,,
ORD0096883,,
ORD0096884,,
ORD0096885,,
ORD0096886,,
ORD0096887,,
ORD0096888,,
ORD0096889,,
ORD0096890,,
ORD0096891,,
ORD0096892,,
ORD0096893,,
ORD0096894,,
ORD0096895,,
ORD0096896,,
ORD0096897,,
ORD0096898,,
ORD0096899,,
ORD0096900,,
ORD0096901,,
ORD0096902,,
ORD0096903,,
ORD0096904,,
ORD0096905,,
ORD0096906,,
ORD0096907,,
ORD0096908,,
ORD0096909,,
ORD0096910,,
ORD0096911,,
ORD0096912,,
ORD0096913,,
ORD0096914,,
ORD0096915,,
ORD0096916,,
ORD0096917,,
ORD0096918,,
ORD0096919,,
ORD0096920,,
ORD0096921,,
ORD0096922,,
ORD0096923,,
ORD0096924,,
ORD0096925,,
ORD0096926,,
ORD0096927,,
ORD0096928,,
ORD0096929,,
ORD0096930,,
ORD0096931,,
ORD0096932,,
ORD0096933,,
ORD0096934,,
ORD0096935,,
ORD0096936,,
ORD0096937,,
ORD0096938,,
ORD0096939,,
ORD0096940,,
ORD0096941,,
ORD0096942,,
ORD0096943,,
ORD0096944,,
ORD0096945,,
ORD0096946,,
ORD0096947,,
ORD0096948,,
ORD0096949,,
ORD0096950,,
ORD0096951,,
ORD0096952,,
ORD0096953,,
ORD0096954,,
ORD0096955,,
ORD0096956,,
ORD0096957,,
ORD0096958,,
ORD0096959,,
ORD0096960,,
ORD0096961,,
ORD0096962,,
ORD0096963,,
ORD0096964,,
ORD0096965,,
ORD0096966,,
ORD0096967,,
ORD0096968,,
ORD0096969,,
ORD0096970,,
ORD0096971,,
ORD0096972,,
ORD0096973,,
ORD0096974,,
ORD0096975,,
ORD0096976,,
ORD0096977,,
ORD0096978,,
ORD0096979,,
ORD0096980,,
ORD0096981,,
ORD0096982,,
ORD0096983,,
ORD0096984,,
ORD0096985,,
ORD0096986,,
ORD0096987,,
ORD0096988,,
ORD0096989,,
ORD0096990,,
ORD0096991,,
ORD0096992,,
ORD0096993,,
ORD0096994,,
ORD0096995,,
ORD0096996,,
ORD0096997,,
ORD0096998,,
ORD0096999,,
ORD0097000,,
ORD0097001,,
ORD0097002,,
ORD0097003,,
ORD0097004,,
ORD0097005,,
ORD0097006,,
ORD0097007,,
ORD0097008,,
ORD0097009,,
ORD0097010,,
ORD0097011,,
ORD0097012,,
ORD0097013,,
ORD0097014,,
ORD0097015,,
ORD0097016,,
ORD0097017,,
ORD0097018,,
ORD0097019,,
ORD0097020,,
ORD0097021,,
ORD0097022,,
ORD0097023,,
ORD0097024,,
ORD0097025,,
ORD0097026,,
ORD0097027,,
ORD0097028,,
ORD0097029,,
ORD0097030,,
ORD0097031,,
ORD0097032,,
ORD0097033,,
ORD0097034,,
ORD0097035,,
ORD0097036,,
ORD0097037,,
ORD0097038,,
ORD0097039,,
ORD0097040,,
ORD0097041,,
ORD0097042,,
ORD0097043,,
ORD0097044,,
ORD0097045,,
ORD0097046,,
ORD0097047,,
ORD0097048,,
ORD0097049,,
ORD0097050,,
ORD0097051,,
ORD0097052,,
ORD0097053,,
ORD0097054,,
ORD0097055,,
ORD0097056,,
ORD0097057,,
ORD0097058,,
ORD0097059,,
ORD0097060,,
ORD0097061,,
ORD0097062,,
ORD0097063,,
ORD0097064,,
ORD0097065,,
ORD0097066,,
ORD0097067,,
ORD0097068,,
ORD0097069,,
ORD0097070,,
ORD0097071,,
ORD0097072,,
ORD0097073,,
ORD0097074,,
ORD0097075,,
ORD0097076,,
ORD0097077,,
ORD0097078,,
ORD0097079,,
ORD0097080,,
ORD0097081,,
ORD0097082,,
ORD0097083,,
ORD0097084,,
ORD0097085,,
ORD0097086,,
ORD0097087,,
ORD0097088,,
ORD0097089,,
ORD0097090,,
ORD0097091,,
ORD0097092,,
ORD0097093,,
ORD0097094,,
ORD0097095,,
ORD0097096,,
ORD0097097,,
ORD0097098,,
ORD0097099,,
ORD0097100,,
ORD0097101,,
ORD0097102,,
ORD0097103,,
ORD0097104,,
ORD0097105,,
ORD0097106,,
ORD0097107,,
ORD0097108,,
ORD0097109,,
ORD0097110,,
ORD0097111,,
ORD0097112,,
ORD0097113,,
ORD0097114,,
ORD0097115,,
ORD0097116,,
ORD0097117,,
ORD0097118,,
ORD0097119,,
ORD0097120,,
ORD0097121,,
ORD0097122,,
ORD0097123,,
ORD0097124,,
ORD0097125,,
ORD0097126,,
ORD0097127,,
ORD0097128,,
ORD0097129,,
ORD0097130,,
ORD0097131,,
ORD0097132,,
ORD0097133,,
ORD0097134,,
ORD0097135,,
ORD0097136,,
ORD0097137,,
ORD0097138,,
ORD0097139,,
ORD0097140,,
ORD0097141,,
ORD0097142,,
ORD0097143,,
ORD0097144,,
ORD0097145,,
ORD0097146,,
ORD0097147,,
ORD0097148,,
ORD0097149,,
ORD0097150,,
ORD0097151,,
ORD0097152,,
ORD0097153,,
ORD0097154,,
ORD0097155,,
ORD0097156,,
ORD0097157,,
ORD0097158,,
ORD0097159,,
ORD0097160,,
ORD0097161,,
ORD0097162,,
ORD0097163,,
ORD0097164,,
ORD0097165,,
ORD0097166,,
ORD0097167,,
ORD0097168,,
ORD0097169,,
ORD0097170,,
ORD0097171,,
ORD0097172,,
ORD0097173,,
ORD0097174,,
ORD0097175,,
ORD0097176,,
ORD0097177,,
ORD0097178,,
ORD0097179,,
ORD0097180,,
ORD0097181,,
ORD0097182,,
ORD0097183,,
ORD0097184,,
ORD0097185,,
ORD0097186,,
ORD0097187,,
ORD0097188,,
ORD0097189,,
ORD0097190,,
ORD0097191,,
ORD0097192,,
ORD0097193,,
ORD0097194,,
ORD0097195,,
ORD0097196,,
ORD0097197,,
ORD0097198,,
ORD0097199,,
ORD0097200,,
ORD0097201,,
ORD0097202,,
ORD0097203,,
ORD0097204,,
ORD0097205,,
ORD0097206,,
ORD0097207,,
ORD0097208,,
ORD0097209,,
ORD0097210,,
ORD0097211,,
ORD0097212,,
ORD0097213,,
ORD0097214,,
ORD0097215,,
ORD0097216,,
ORD0097217,,
ORD0097218,,
ORD0097219,,
ORD0097220,,
ORD0097221,,
ORD0097222,,
ORD0097223,,
ORD0097224,,
ORD0097225,,
ORD0097226,,
ORD0097227,,
ORD0097228,,
ORD0097229,,
ORD0097230,,
ORD0097231,,
ORD0097232,,
ORD0097233,,
ORD0097234,,
ORD0097235,,
ORD0097236,,
ORD0097237,,
ORD0097238,,
ORD0097239,,
ORD0097240,,
ORD0097241,,
ORD0097242,,
ORD0097243,,
ORD0097244,,
ORD0097245,,
ORD0097246,,
ORD0097247,,
ORD0097248,,
ORD0097249,,
ORD0097250,,
ORD0097251,,
ORD0097252,,
ORD0097253,,
ORD0097254,,
ORD0097255,,
ORD0097256,,
ORD0097257,,
ORD0097258,,
ORD0097259,,
ORD0097260,,
ORD0097261,,
ORD0097262,,
ORD0097263,,
ORD0097264,,
ORD0097265,,
ORD0097266,,
ORD0097267,,
ORD0097268,,
ORD0097269,,
ORD0097270,,
ORD0097271,,
ORD0097272,,
ORD0097273,,
ORD0097274,,
ORD0097275,,
ORD0097276,,
ORD0097277,,
ORD0097278,,
ORD0097279,,
ORD0097280,,
ORD0097281,,
ORD0097282,,
ORD0097283,,
ORD0097284,,
ORD0097285,,
ORD0097286,,
ORD0097287,,
ORD0097288,,
ORD0097289,,
ORD0097290,,
ORD0097291,,
ORD0097292,,
ORD0097293,,
ORD0097294,,
ORD0097295,,
ORD0097296,,
ORD0097297,,
ORD0097298,,
ORD0097299,,
ORD0097300,,
ORD0097301,,
ORD0097302,,
ORD0097303,,
ORD0097304,,
ORD0097305,,
ORD0097306,,
ORD0097307,,
ORD0097308,,
ORD0097309,,
ORD0097310,,
ORD0097311,,
ORD0097312,,
ORD0097313,,
ORD0097314,,
ORD0097315,,
ORD0097316,,
ORD0097317,,
ORD0097318,,
ORD0097319,,
ORD0097320,,
ORD0097321,,
ORD0097322,,
ORD0097323,,
ORD0097324,,
ORD0097325,,
ORD0097326,,
ORD0097327,,
ORD0097328,,
ORD0097329,,
ORD0097330,,
ORD0097331,,
ORD0097332,,
ORD0097333,,
ORD0097334,,
ORD0097335,,
ORD0097336,,
ORD0097337,,
ORD0097338,,
ORD0097339,,
ORD0097340,,
ORD0097341,,
ORD0097342,,
ORD0097343,,
ORD0097344,,
ORD0097345,,
