bin,n,mean_pred,actual,period,model
"(-0.001, 0.1]",3379,0.014545138654930187,0.0008878366380585972,A (2026-01-03..02-14),RF balanced (current)
"(0.1, 0.2]",355,0.14809620861208783,0.05352112676056338,A (2026-01-03..02-14),RF balanced (current)
"(0.2, 0.3]",248,0.24390839348026236,0.0967741935483871,A (2026-01-03..02-14),RF balanced (current)
"(0.3, 0.4]",181,0.3477860680527495,0.11602209944751381,A (2026-01-03..02-14),RF balanced (current)
"(0.4, 0.5]",170,0.4481162672239849,0.27058823529411763,A (2026-01-03..02-14),RF balanced (current)
"(0.5, 0.6]",143,0.5520432223058108,0.3356643356643357,A (2026-01-03..02-14),RF balanced (current)
"(0.6, 0.7]",161,0.6520323587928354,0.5031055900621118,A (2026-01-03..02-14),RF balanced (current)
"(0.7, 0.8]",162,0.7477762550238188,0.6481481481481481,A (2026-01-03..02-14),RF balanced (current)
"(0.8, 0.9]",167,0.8535429554869461,0.8143712574850299,A (2026-01-03..02-14),RF balanced (current)
"(0.9, 1.0]",207,0.9522575173394137,0.9420289855072463,A (2026-01-03..02-14),RF balanced (current)
"(-0.001, 0.1]",3730,0.012801575557399622,0.005093833780160858,A (2026-01-03..02-14),RF no class weight
"(0.1, 0.2]",363,0.1458038065545813,0.11570247933884298,A (2026-01-03..02-14),RF no class weight
"(0.2, 0.3]",208,0.2463777684936307,0.19230769230769232,A (2026-01-03..02-14),RF no class weight
"(0.3, 0.4]",159,0.34551965217706854,0.32075471698113206,A (2026-01-03..02-14),RF no class weight
"(0.4, 0.5]",144,0.45285598465661675,0.5069444444444444,A (2026-01-03..02-14),RF no class weight
"(0.5, 0.6]",123,0.5492694958500441,0.5528455284552846,A (2026-01-03..02-14),RF no class weight
"(0.6, 0.7]",111,0.6494745114654136,0.7297297297297297,A (2026-01-03..02-14),RF no class weight
"(0.7, 0.8]",120,0.7492664376407308,0.85,A (2026-01-03..02-14),RF no class weight
"(0.8, 0.9]",107,0.850376672679791,0.897196261682243,A (2026-01-03..02-14),RF no class weight
"(0.9, 1.0]",108,0.949186041750522,0.9814814814814815,A (2026-01-03..02-14),RF no class weight
"(-0.001, 0.1]",3965,0.009004232031145308,0.009331651954602775,A (2026-01-03..02-14),HGB raw (lr=0.05 it=600)
"(0.1, 0.2]",256,0.14756365471341748,0.171875,A (2026-01-03..02-14),HGB raw (lr=0.05 it=600)
"(0.2, 0.3]",134,0.2447050519239074,0.29850746268656714,A (2026-01-03..02-14),HGB raw (lr=0.05 it=600)
"(0.3, 0.4]",132,0.34564729304528535,0.2803030303030303,A (2026-01-03..02-14),HGB raw (lr=0.05 it=600)
"(0.4, 0.5]",102,0.44701210990943496,0.5,A (2026-01-03..02-14),HGB raw (lr=0.05 it=600)
"(0.5, 0.6]",76,0.5500873986234208,0.47368421052631576,A (2026-01-03..02-14),HGB raw (lr=0.05 it=600)
"(0.6, 0.7]",72,0.6525682631128824,0.6527777777777778,A (2026-01-03..02-14),HGB raw (lr=0.05 it=600)
"(0.7, 0.8]",86,0.7515993590255711,0.7558139534883721,A (2026-01-03..02-14),HGB raw (lr=0.05 it=600)
"(0.8, 0.9]",113,0.8509671646082503,0.8230088495575221,A (2026-01-03..02-14),HGB raw (lr=0.05 it=600)
"(0.9, 1.0]",237,0.9631301741884181,0.9620253164556962,A (2026-01-03..02-14),HGB raw (lr=0.05 it=600)
"(-0.001, 0.1]",3887,0.006737629742196014,0.006431695394906097,A (2026-01-03..02-14),HGB + isotonic (cv=5)
"(0.1, 0.2]",284,0.1470765801634193,0.15140845070422534,A (2026-01-03..02-14),HGB + isotonic (cv=5)
"(0.2, 0.3]",165,0.24558787071407231,0.3151515151515151,A (2026-01-03..02-14),HGB + isotonic (cv=5)
"(0.3, 0.4]",136,0.34726307108142473,0.20588235294117646,A (2026-01-03..02-14),HGB + isotonic (cv=5)
"(0.4, 0.5]",114,0.4510517859167749,0.45614035087719296,A (2026-01-03..02-14),HGB + isotonic (cv=5)
"(0.5, 0.6]",96,0.5456257055334562,0.5625,A (2026-01-03..02-14),HGB + isotonic (cv=5)
"(0.6, 0.7]",72,0.6487316947832517,0.6805555555555556,A (2026-01-03..02-14),HGB + isotonic (cv=5)
"(0.7, 0.8]",105,0.7426609501358236,0.780952380952381,A (2026-01-03..02-14),HGB + isotonic (cv=5)
"(0.8, 0.9]",88,0.8537135817175752,0.875,A (2026-01-03..02-14),HGB + isotonic (cv=5)
"(0.9, 1.0]",226,0.9694396533645814,0.9557522123893806,A (2026-01-03..02-14),HGB + isotonic (cv=5)
"(-0.001, 0.1]",3945,0.009044174018658833,0.008365019011406844,A (2026-01-03..02-14),HGB + sigmoid (cv=5)
"(0.1, 0.2]",264,0.14529354345436693,0.1590909090909091,A (2026-01-03..02-14),HGB + sigmoid (cv=5)
"(0.2, 0.3]",144,0.24884470934700267,0.3194444444444444,A (2026-01-03..02-14),HGB + sigmoid (cv=5)
"(0.3, 0.4]",126,0.34613450897059045,0.23015873015873015,A (2026-01-03..02-14),HGB + sigmoid (cv=5)
"(0.4, 0.5]",97,0.44802424498631416,0.4639175257731959,A (2026-01-03..02-14),HGB + sigmoid (cv=5)
"(0.5, 0.6]",94,0.5443928482125279,0.5531914893617021,A (2026-01-03..02-14),HGB + sigmoid (cv=5)
"(0.6, 0.7]",71,0.6534721486722652,0.6338028169014085,A (2026-01-03..02-14),HGB + sigmoid (cv=5)
"(0.7, 0.8]",96,0.7539794370039244,0.7604166666666666,A (2026-01-03..02-14),HGB + sigmoid (cv=5)
"(0.8, 0.9]",103,0.8544678268313356,0.883495145631068,A (2026-01-03..02-14),HGB + sigmoid (cv=5)
"(0.9, 1.0]",233,0.9606245728114557,0.9527896995708155,A (2026-01-03..02-14),HGB + sigmoid (cv=5)
"(-0.001, 0.1]",2706,0.017188912929701556,0.0007390983000739098,B (2025-02-16..03-28),RF balanced (current)
"(0.1, 0.2]",319,0.1466281654263847,0.03134796238244514,B (2025-02-16..03-28),RF balanced (current)
"(0.2, 0.3]",256,0.24754930213578524,0.1328125,B (2025-02-16..03-28),RF balanced (current)
"(0.3, 0.4]",188,0.3488138983924718,0.18085106382978725,B (2025-02-16..03-28),RF balanced (current)
"(0.4, 0.5]",163,0.4493360286963241,0.26993865030674846,B (2025-02-16..03-28),RF balanced (current)
"(0.5, 0.6]",160,0.5513339969361936,0.4,B (2025-02-16..03-28),RF balanced (current)
"(0.6, 0.7]",161,0.6479666575180206,0.4968944099378882,B (2025-02-16..03-28),RF balanced (current)
"(0.7, 0.8]",178,0.7538284900958935,0.651685393258427,B (2025-02-16..03-28),RF balanced (current)
"(0.8, 0.9]",238,0.8513868006753458,0.7815126050420168,B (2025-02-16..03-28),RF balanced (current)
"(0.9, 1.0]",487,0.9610092485361178,0.9589322381930184,B (2025-02-16..03-28),RF balanced (current)
"(-0.001, 0.1]",3046,0.01473782855316189,0.004267892317793828,B (2025-02-16..03-28),RF no class weight
"(0.1, 0.2]",357,0.14670950170955172,0.13445378151260504,B (2025-02-16..03-28),RF no class weight
"(0.2, 0.3]",215,0.24852370698941878,0.23255813953488372,B (2025-02-16..03-28),RF no class weight
"(0.3, 0.4]",173,0.34889669348559904,0.37572254335260113,B (2025-02-16..03-28),RF no class weight
"(0.4, 0.5]",141,0.44816885296583703,0.5390070921985816,B (2025-02-16..03-28),RF no class weight
"(0.5, 0.6]",131,0.5479302655596877,0.6259541984732825,B (2025-02-16..03-28),RF no class weight
"(0.6, 0.7]",140,0.6550198220402096,0.7071428571428572,B (2025-02-16..03-28),RF no class weight
"(0.7, 0.8]",156,0.751168046060461,0.8012820512820513,B (2025-02-16..03-28),RF no class weight
"(0.8, 0.9]",203,0.853789485419585,0.9310344827586207,B (2025-02-16..03-28),RF no class weight
"(0.9, 1.0]",294,0.955389881034252,0.9863945578231292,B (2025-02-16..03-28),RF no class weight
"(-0.001, 0.1]",3354,0.009681579315829886,0.013416815742397137,B (2025-02-16..03-28),HGB raw (lr=0.05 it=600)
"(0.1, 0.2]",217,0.14267439018259398,0.20276497695852536,B (2025-02-16..03-28),HGB raw (lr=0.05 it=600)
"(0.2, 0.3]",130,0.248431241590435,0.33076923076923076,B (2025-02-16..03-28),HGB raw (lr=0.05 it=600)
"(0.3, 0.4]",100,0.3452767567352247,0.42,B (2025-02-16..03-28),HGB raw (lr=0.05 it=600)
"(0.4, 0.5]",106,0.44834932342777517,0.5094339622641509,B (2025-02-16..03-28),HGB raw (lr=0.05 it=600)
"(0.5, 0.6]",94,0.5458217525074656,0.574468085106383,B (2025-02-16..03-28),HGB raw (lr=0.05 it=600)
"(0.6, 0.7]",95,0.6465502795044393,0.631578947368421,B (2025-02-16..03-28),HGB raw (lr=0.05 it=600)
"(0.7, 0.8]",100,0.7457053180026797,0.69,B (2025-02-16..03-28),HGB raw (lr=0.05 it=600)
"(0.8, 0.9]",144,0.8553317727551779,0.8541666666666666,B (2025-02-16..03-28),HGB raw (lr=0.05 it=600)
"(0.9, 1.0]",516,0.9748522220716425,0.9748062015503876,B (2025-02-16..03-28),HGB raw (lr=0.05 it=600)
"(-0.001, 0.1]",3284,0.008888606038936635,0.009135200974421437,B (2025-02-16..03-28),HGB + isotonic (cv=5)
"(0.1, 0.2]",245,0.14297067306638786,0.1673469387755102,B (2025-02-16..03-28),HGB + isotonic (cv=5)
"(0.2, 0.3]",139,0.24748571430724078,0.35251798561151076,B (2025-02-16..03-28),HGB + isotonic (cv=5)
"(0.3, 0.4]",123,0.34912066246644713,0.3902439024390244,B (2025-02-16..03-28),HGB + isotonic (cv=5)
"(0.4, 0.5]",121,0.4494510627819193,0.4793388429752066,B (2025-02-16..03-28),HGB + isotonic (cv=5)
"(0.5, 0.6]",116,0.549704426807903,0.603448275862069,B (2025-02-16..03-28),HGB + isotonic (cv=5)
"(0.6, 0.7]",102,0.6450153229508724,0.6568627450980392,B (2025-02-16..03-28),HGB + isotonic (cv=5)
"(0.7, 0.8]",104,0.7490931038704824,0.7980769230769231,B (2025-02-16..03-28),HGB + isotonic (cv=5)
"(0.8, 0.9]",138,0.8557027811901234,0.8623188405797102,B (2025-02-16..03-28),HGB + isotonic (cv=5)
"(0.9, 1.0]",484,0.9796988646879617,0.9752066115702479,B (2025-02-16..03-28),HGB + isotonic (cv=5)
"(-0.001, 0.1]",3305,0.010123467642690126,0.009984871406959153,B (2025-02-16..03-28),HGB + sigmoid (cv=5)
"(0.1, 0.2]",242,0.14116059088831845,0.17768595041322313,B (2025-02-16..03-28),HGB + sigmoid (cv=5)
"(0.2, 0.3]",129,0.24405725055566077,0.34108527131782945,B (2025-02-16..03-28),HGB + sigmoid (cv=5)
"(0.3, 0.4]",123,0.3484896110364482,0.4065040650406504,B (2025-02-16..03-28),HGB + sigmoid (cv=5)
"(0.4, 0.5]",108,0.44988608707951117,0.5,B (2025-02-16..03-28),HGB + sigmoid (cv=5)
"(0.5, 0.6]",104,0.5490392534373038,0.5865384615384616,B (2025-02-16..03-28),HGB + sigmoid (cv=5)
"(0.6, 0.7]",104,0.6461320387267704,0.6730769230769231,B (2025-02-16..03-28),HGB + sigmoid (cv=5)
"(0.7, 0.8]",101,0.7533185772531539,0.7623762376237624,B (2025-02-16..03-28),HGB + sigmoid (cv=5)
"(0.8, 0.9]",138,0.8556240593623335,0.8405797101449275,B (2025-02-16..03-28),HGB + sigmoid (cv=5)
"(0.9, 1.0]",502,0.9716056952730378,0.9741035856573705,B (2025-02-16..03-28),HGB + sigmoid (cv=5)
