period,model,mae,rmse,bias
A (2026-01-03..02-14),RF (current),4.134206209438764,6.379888564875112,0.21645906430847467
A (2026-01-03..02-14),HGB squared_error lr=0.05 it=300,3.9694603416542624,6.218507233875818,-0.1349951766859676
A (2026-01-03..02-14),HGB squared_error lr=0.05 it=600,3.9211147057403313,6.123793147149123,-0.09782018263523186
A (2026-01-03..02-14),HGB squared_error lr=0.1 it=300,3.969982437409958,6.221907953657845,-0.040691100570751655
A (2026-01-03..02-14),HGB squared_error lr=0.1 it=600,3.9620664768486584,6.22932771639134,-0.019454500018398938
A (2026-01-03..02-14),HGB absolute_error lr=0.05 it=300,4.040853985797898,6.8937264670369585,-0.7599068773818808
A (2026-01-03..02-14),HGB absolute_error lr=0.05 it=600,3.9603395070154632,6.6236856884643665,-0.6905557890189515
A (2026-01-03..02-14),HGB absolute_error lr=0.1 it=300,3.980917542730014,6.740482661371082,-0.6482802424358673
A (2026-01-03..02-14),HGB absolute_error lr=0.1 it=600,3.937823445177784,6.55203058065445,-0.6067490955338543
B (2025-02-16..03-28),RF (current),4.048102984301759,6.176869593221139,-0.3849771516790152
B (2025-02-16..03-28),HGB squared_error lr=0.05 it=300,3.937652108318061,6.048548272510101,-0.4845681476193652
B (2025-02-16..03-28),HGB squared_error lr=0.05 it=600,3.8709635616054667,6.000404374052361,-0.47859475798986684
B (2025-02-16..03-28),HGB squared_error lr=0.1 it=300,3.895037994944149,6.05686937313845,-0.5054138699952758
B (2025-02-16..03-28),HGB squared_error lr=0.1 it=600,3.8984275241581714,6.0807552616659075,-0.4926837915158286
B (2025-02-16..03-28),HGB absolute_error lr=0.05 it=300,3.9594633161523842,6.355808243419,-1.0632951034864184
B (2025-02-16..03-28),HGB absolute_error lr=0.05 it=600,3.9046777805968507,6.2097706429535595,-1.0141198664248763
B (2025-02-16..03-28),HGB absolute_error lr=0.1 it=300,3.919234134893498,6.2326205697411625,-1.0355127937080277
B (2025-02-16..03-28),HGB absolute_error lr=0.1 it=600,3.8962368049840808,6.156726484302803,-0.9889594363694749
