period,model,clipped,auc,log_loss,brier,mean_pred,actual_rate,share_p0,share_p1
A (2026-01-03..02-14),RF balanced (current),False,0.968684313281555,0.1738662649764081,0.05354000950765467,0.1828839409290248,0.13106514595012564,0.18287260777111927,0.0
A (2026-01-03..02-14),RF balanced (current),True,0.968684313281555,0.17751330774139787,0.05357978212306117,0.18645756692023407,0.13106514595012564,0.0,0.0
A (2026-01-03..02-14),RF no class weight,False,0.9690357361998418,0.15173211186587673,0.046544391629019174,0.13437817682325412,0.13106514595012564,0.2687028803402281,0.0
A (2026-01-03..02-14),RF no class weight,True,0.9690357361998418,0.15604405521070092,0.046590967403420204,0.13864956014928098,0.13106514595012564,0.0,0.0
A (2026-01-03..02-14),HGB raw (lr=0.05 it=600),False,0.9714828997148585,0.1412252336741213,0.04400408117808124,0.13055083577416657,0.13106514595012564,0.0,0.0
A (2026-01-03..02-14),HGB raw (lr=0.05 it=600),True,0.9706253424814854,0.14634514551819455,0.0440578370066623,0.1358630954391266,0.13106514595012564,0.0,0.0
A (2026-01-03..02-14),HGB + isotonic (cv=5),False,0.97205351078386,0.13925340324693514,0.043504432123351804,0.1311457378455721,0.13106514595012564,0.5136284554417166,0.002126425671757201
A (2026-01-03..02-14),HGB + isotonic (cv=5),True,0.9707116396126799,0.14452285766611164,0.04355959399873245,0.13705277597757712,0.13106514595012564,0.0,0.0
A (2026-01-03..02-14),HGB + sigmoid (cv=5),False,0.9720479326423,0.13960139574709127,0.043458547122002714,0.13120604830548602,0.13106514595012564,0.0,0.0
A (2026-01-03..02-14),HGB + sigmoid (cv=5),True,0.9712000551251636,0.14465397629446994,0.04351183326035117,0.13642959049189882,0.13106514595012564,0.0,0.0
B (2025-02-16..03-28),RF balanced (current),False,0.9697490318291303,0.2048810278641805,0.06345307168455325,0.2662351926041842,0.2135502471169687,0.1515650741350906,0.001029654036243822
B (2025-02-16..03-28),RF balanced (current),True,0.9697490318291303,0.2075922495056641,0.06348333255781116,0.26868140341527436,0.2135502471169687,0.0,0.0
B (2025-02-16..03-28),RF no class weight,False,0.9714890502065119,0.1819517861309281,0.056489214017976554,0.20780848368014496,0.2135502471169687,0.18142504118616146,0.00041186161449752884
B (2025-02-16..03-28),RF no class weight,True,0.9714890502065119,0.1853153268735918,0.05652649906049356,0.21101812496950795,0.2135502471169687,0.0,0.0
B (2025-02-16..03-28),HGB raw (lr=0.05 it=600),False,0.9752354807195308,0.16479565017938053,0.05239365190966054,0.20413358731736908,0.2135502471169687,0.0,0.0
B (2025-02-16..03-28),HGB raw (lr=0.05 it=600),True,0.9749168182333524,0.1697830939760928,0.052447368987651045,0.20853214932058967,0.2135502471169687,0.0,0.0
B (2025-02-16..03-28),HGB + isotonic (cv=5),False,0.9754839465566146,0.1622826877970283,0.051678205418681566,0.2050387407471728,0.2135502471169687,0.4614909390444811,0.015238879736408566
B (2025-02-16..03-28),HGB + isotonic (cv=5),True,0.9751570776276461,0.16792785533655638,0.05173578589306166,0.20982147514179264,0.2135502471169687,0.0,0.0
B (2025-02-16..03-28),HGB + sigmoid (cv=5),False,0.975681911207299,0.16300501835954506,0.05160446736912451,0.20526346753387845,0.2135502471169687,0.0,0.0
B (2025-02-16..03-28),HGB + sigmoid (cv=5),True,0.975681911207299,0.16772057051787997,0.05165611839292982,0.20943976972021416,0.2135502471169687,0.0,0.0
