,multiplier
dow_1,0.9979207640290558
dow_2,0.9291549421092488
dow_3,1.0852050467193
dow_4,1.0791484284555928
dow_5,1.1582707219870398
payday_d0,1.1461498534411794
payday_d1,1.1462573771742224
payday_d2,1.1422095850954372
ramp_thai_pongal,1.1861338196762587
ramp2_thai_pongal,1.024222035480225
ramp_new_year,2.2513508934806303
ramp2_new_year,0.7728807077746529
ramp_vesak,1.1726844835775243
ramp2_vesak,1.1756564729996117
ramp_poson,1.1562868038232843
ramp2_poson,1.055218302887631
ramp_esala,1.2578687347370243
ramp2_esala,0.9977232760758061
ramp_deepavali,1.5423448957976416
ramp2_deepavali,0.9194081385420109
ramp_christmas,2.1598559867815554
ramp2_christmas,0.6908995831370253
after_midweek_closure,0.9979433258113755
holiday_closure_in_1,1.0391507633210464
holiday_closure_in_2,1.0250138322684885
holiday_closure_in_3,1.023632416063505
month_2,0.9949990002095404
month_3,0.9895870801284925
month_4,0.9984512977769554
month_5,1.0065455275694255
month_6,0.9892583108509575
month_7,1.0209869885624634
month_8,1.000028427570831
month_9,1.0091728568093323
month_10,0.9711164531654204
month_11,0.9636257839483782
month_12,0.9813893986152331
trend_years,1.0565408891894492
