period,target,level,group,model,wape,mae,n_weeks
2025-W14..W23 (headline),chilled,overall,all,ewm_hl8,0.1497609982892013,41.96958376430936,20.0
2025-W14..W23 (headline),chilled,overall,all,glm_cal,0.023006809274789014,6.447514506701654,20.0
2025-W14..W23 (headline),chilled,overall,all,glm_op,0.027060623404013908,7.583570580078623,20.0
2025-W14..W23 (headline),chilled,overall,all,last8_mean,0.1530733959276522,42.89786249999999,20.0
2025-W14..W23 (headline),chilled,overall,all,mean13,0.1483454341773216,41.572880769230764,20.0
2025-W14..W23 (headline),chilled,overall,all,mean26,0.154633943322005,43.33519615384614,20.0
2025-W14..W23 (headline),chilled,overall,all,same_week_last_year,0.12784727580900554,35.828399999999995,20.0
2025-W14..W23 (headline),total,overall,all,ewm_hl8,0.14299449641634912,41.783230177017906,60.0
2025-W14..W23 (headline),total,overall,all,glm_cal,0.038170606400030255,11.153514807766173,60.0
2025-W14..W23 (headline),total,overall,all,glm_op,0.041739949115646595,12.196482698173792,60.0
2025-W14..W23 (headline),total,overall,all,last8_mean,0.1498066118719378,43.77374166666667,60.0
2025-W14..W23 (headline),total,overall,all,mean13,0.14141814596785776,41.322617948717976,60.0
2025-W14..W23 (headline),total,overall,all,mean26,0.1429520707730392,41.77083333333334,60.0
2025-W14..W23 (headline),total,overall,all,same_week_last_year,0.129398874065286,37.81056666666667,60.0
2025-W30..W39 (esala),chilled,overall,all,ewm_hl8,0.045193823527144274,12.648395390541868,20.0
2025-W30..W39 (esala),chilled,overall,all,glm_cal,0.032234704742088505,9.021526816168308,20.0
2025-W30..W39 (esala),chilled,overall,all,glm_op,0.029490830783725764,8.253598811441329,20.0
2025-W30..W39 (esala),chilled,overall,all,last8_mean,0.048466654160860406,13.564362500000001,20.0
2025-W30..W39 (esala),chilled,overall,all,mean13,0.04636034312634164,12.974869230769233,20.0
2025-W30..W39 (esala),chilled,overall,all,mean26,0.04594785765918791,12.859426923076919,20.0
2025-W30..W39 (esala),chilled,overall,all,same_week_last_year,0.08244774359524064,23.074649999999995,20.0
2025-W30..W39 (esala),total,overall,all,ewm_hl8,0.06474164448638366,19.460784791546573,60.0
2025-W30..W39 (esala),total,overall,all,glm_cal,0.038693540189474795,11.630947351187505,60.0
2025-W30..W39 (esala),total,overall,all,glm_op,0.036533059337659886,10.981525279243225,60.0
2025-W30..W39 (esala),total,overall,all,last8_mean,0.06192271104184766,18.6134375,60.0
2025-W30..W39 (esala),total,overall,all,mean13,0.06594721156811992,19.82316794871794,60.0
2025-W30..W39 (esala),total,overall,all,mean26,0.06590823285908927,19.81145128205129,60.0
2025-W30..W39 (esala),total,overall,all,same_week_last_year,0.08605284681250915,25.866750000000003,60.0
2025-W40..W49 (deepavali),chilled,overall,all,ewm_hl8,0.06551937116351297,17.522195958894,20.0
2025-W40..W49 (deepavali),chilled,overall,all,glm_cal,0.021170700072210828,5.661793583556728,20.0
2025-W40..W49 (deepavali),chilled,overall,all,glm_op,0.021718950047613744,5.808415007616098,20.0
2025-W40..W49 (deepavali),chilled,overall,all,last8_mean,0.06689140010847477,17.88912499999999,20.0
2025-W40..W49 (deepavali),chilled,overall,all,mean13,0.07170459068964621,19.176342307692277,20.0
2025-W40..W49 (deepavali),chilled,overall,all,mean26,0.07237985094053859,19.356930769230768,20.0
2025-W40..W49 (deepavali),chilled,overall,all,same_week_last_year,0.08994098947652206,24.053399999999996,20.0
2025-W40..W49 (deepavali),total,overall,all,ewm_hl8,0.06685601791234892,19.74041372600235,60.0
2025-W40..W49 (deepavali),total,overall,all,glm_cal,0.028939518216226263,8.544901124210803,60.0
2025-W40..W49 (deepavali),total,overall,all,glm_op,0.030244285235591375,8.930156507085659,60.0
2025-W40..W49 (deepavali),total,overall,all,last8_mean,0.07157773395813763,21.134583333333335,60.0
2025-W40..W49 (deepavali),total,overall,all,mean13,0.06836516320603465,20.186015384615384,60.0
2025-W40..W49 (deepavali),total,overall,all,mean26,0.06648904651462106,19.632058974358976,60.0
2025-W40..W49 (deepavali),total,overall,all,same_week_last_year,0.10540027705943998,31.12128333333333,60.0
2026-W04..W13,chilled,overall,all,ewm_hl8,0.04008447880956847,10.939439078127807,20.0
2026-W04..W13,chilled,overall,all,glm_cal,0.02371277630722234,6.471444296893526,20.0
2026-W04..W13,chilled,overall,all,glm_op,0.024905698738342953,6.79700428040168,20.0
2026-W04..W13,chilled,overall,all,last8_mean,0.04300572423982153,11.736674999999998,20.0
2026-W04..W13,chilled,overall,all,mean13,0.03856915369665379,10.525892307692306,20.0
2026-W04..W13,chilled,overall,all,mean26,0.04038757776314095,11.02215769230769,20.0
2026-W04..W13,chilled,overall,all,same_week_last_year,0.0501796199180974,13.694499999999994,20.0
2026-W04..W13,total,overall,all,ewm_hl8,0.05257186739601669,15.653051839123117,60.0
2026-W04..W13,total,overall,all,glm_cal,0.029289200575980792,8.720735968702519,60.0
2026-W04..W13,total,overall,all,glm_op,0.03234505439877613,9.630603558922877,60.0
2026-W04..W13,total,overall,all,last8_mean,0.06668580305111516,19.85541666666667,60.0
2026-W04..W13,total,overall,all,mean13,0.05104336748535238,15.197947435897442,60.0
2026-W04..W13,total,overall,all,mean26,0.052793143605456866,15.71893589743591,60.0
2026-W04..W13,total,overall,all,same_week_last_year,0.06616091456542879,19.699133333333336,60.0
2025-W14..W23 (headline),chilled,brand,Fresh,ewm_hl8,0.1497609982892013,41.96958376430936,20.0
2025-W14..W23 (headline),chilled,brand,Fresh,glm_cal,0.023006809274789014,6.447514506701654,20.0
2025-W14..W23 (headline),chilled,brand,Fresh,glm_op,0.027060623404013908,7.583570580078623,20.0
2025-W14..W23 (headline),chilled,brand,Fresh,last8_mean,0.1530733959276522,42.89786249999999,20.0
2025-W14..W23 (headline),chilled,brand,Fresh,mean13,0.1483454341773216,41.572880769230764,20.0
2025-W14..W23 (headline),chilled,brand,Fresh,mean26,0.154633943322005,43.33519615384614,20.0
2025-W14..W23 (headline),chilled,brand,Fresh,same_week_last_year,0.12784727580900554,35.828399999999995,20.0
2025-W14..W23 (headline),total,brand,Fresh,ewm_hl8,0.1322190461204841,98.44049769904264,20.0
2025-W14..W23 (headline),total,brand,Style,ewm_hl8,0.16895056266348304,18.219442832011083,20.0
2025-W14..W23 (headline),total,brand,Tech,ewm_hl8,0.3584843390641598,8.68975,20.0
2025-W14..W23 (headline),total,brand,Fresh,glm_cal,0.02218767545302141,16.519297926184898,20.0
2025-W14..W23 (headline),total,brand,Style,glm_cal,0.07276695251261706,7.847108115312861,20.0
2025-W14..W23 (headline),total,brand,Tech,glm_cal,0.3751668560266808,9.094138381800752,20.0
2025-W14..W23 (headline),total,brand,Fresh,glm_op,0.026493370664577447,19.72499931340959,20.0
2025-W14..W23 (headline),total,brand,Style,glm_op,0.07361667212797092,7.938740943941045,20.0
2025-W14..W23 (headline),total,brand,Tech,glm_op,0.3682184728775794,8.925707837170746,20.0
2025-W14..W23 (headline),total,brand,Fresh,last8_mean,0.13962038725720544,103.95098750000004,20.0
2025-W14..W23 (headline),total,brand,Style,last8_mean,0.17189263336328545,18.536712500000004,20.0
2025-W14..W23 (headline),total,brand,Tech,last8_mean,0.36441558977320765,8.833524999999998,20.0
2025-W14..W23 (headline),total,brand,Fresh,mean13,0.13063297523259534,97.259626923077,20.0
2025-W14..W23 (headline),total,brand,Style,mean13,0.16586928778447801,17.887161538461548,20.0
2025-W14..W23 (headline),total,brand,Tech,mean13,0.36390158453874777,8.821065384615384,20.0
2025-W14..W23 (headline),total,brand,Fresh,mean26,0.13185551892884892,98.16984230769233,20.0
2025-W14..W23 (headline),total,brand,Style,mean26,0.17010983691699086,18.34445769230769,20.0
2025-W14..W23 (headline),total,brand,Tech,mean26,0.36295830282278424,8.798199999999998,20.0
2025-W14..W23 (headline),total,brand,Fresh,same_week_last_year,0.12420992501469225,92.4775,20.0
2025-W14..W23 (headline),total,brand,Style,same_week_last_year,0.11371314061994325,12.262699999999999,20.0
2025-W14..W23 (headline),total,brand,Tech,same_week_last_year,0.35855653303905693,8.691500000000001,20.0
2025-W30..W39 (esala),chilled,brand,Fresh,ewm_hl8,0.045193823527144274,12.648395390541868,20.0
2025-W30..W39 (esala),chilled,brand,Fresh,glm_cal,0.032234704742088505,9.021526816168308,20.0
2025-W30..W39 (esala),chilled,brand,Fresh,glm_op,0.029490830783725764,8.253598811441329,20.0
2025-W30..W39 (esala),chilled,brand,Fresh,last8_mean,0.048466654160860406,13.564362500000001,20.0
2025-W30..W39 (esala),chilled,brand,Fresh,mean13,0.04636034312634164,12.974869230769233,20.0
2025-W30..W39 (esala),chilled,brand,Fresh,mean26,0.04594785765918791,12.859426923076919,20.0
2025-W30..W39 (esala),chilled,brand,Fresh,same_week_last_year,0.08244774359524064,23.074649999999995,20.0
2025-W30..W39 (esala),total,brand,Fresh,ewm_hl8,0.049589480741083644,37.61411703691935,20.0
2025-W30..W39 (esala),total,brand,Style,ewm_hl8,0.10403800015901137,12.092872554182708,20.0
2025-W30..W39 (esala),total,brand,Tech,ewm_hl8,0.32096269159048935,8.675364783537654,20.0
2025-W30..W39 (esala),total,brand,Fresh,glm_cal,0.02659204365276764,20.170331031060783,20.0
2025-W30..W39 (esala),total,brand,Style,glm_cal,0.04263543869422434,4.9557366119389705,20.0
2025-W30..W39 (esala),total,brand,Tech,glm_cal,0.36134160132607523,9.766774410562752,20.0
2025-W30..W39 (esala),total,brand,Fresh,glm_op,0.023740254029139856,18.00722008364287,20.0
2025-W30..W39 (esala),total,brand,Style,glm_op,0.04421430216128769,5.1392560438625985,20.0
2025-W30..W39 (esala),total,brand,Tech,glm_op,0.3625005442345391,9.798099710224204,20.0
2025-W30..W39 (esala),total,brand,Fresh,last8_mean,0.04626013500151612,35.08877499999999,20.0
2025-W30..W39 (esala),total,brand,Style,last8_mean,0.10340578990090353,12.019387500000006,20.0
2025-W30..W39 (esala),total,brand,Tech,last8_mean,0.32306357568851474,8.73215,20.0
2025-W30..W39 (esala),total,brand,Fresh,mean13,0.04809228213613123,36.4784769230769,20.0
2025-W30..W39 (esala),total,brand,Style,mean13,0.1199020659016194,13.936834615384617,20.0
2025-W30..W39 (esala),total,brand,Tech,mean13,0.33497818313869104,9.054192307692308,20.0
2025-W30..W39 (esala),total,brand,Fresh,mean26,0.05123569183713417,38.86278461538463,20.0
2025-W30..W39 (esala),total,brand,Style,mean26,0.10284456849889081,11.954153846153847,20.0
2025-W30..W39 (esala),total,brand,Tech,mean26,0.31881873620437845,8.617415384615386,20.0
2025-W30..W39 (esala),total,brand,Fresh,same_week_last_year,0.07772059695982916,58.951850000000015,20.0
2025-W30..W39 (esala),total,brand,Style,same_week_last_year,0.07053589211180959,8.198750000000004,20.0
2025-W30..W39 (esala),total,brand,Tech,same_week_last_year,0.3866059668802629,10.449650000000002,20.0
2025-W40..W49 (deepavali),chilled,brand,Fresh,ewm_hl8,0.06551937116351297,17.522195958894,20.0
2025-W40..W49 (deepavali),chilled,brand,Fresh,glm_cal,0.021170700072210828,5.661793583556728,20.0
2025-W40..W49 (deepavali),chilled,brand,Fresh,glm_op,0.021718950047613744,5.808415007616098,20.0
2025-W40..W49 (deepavali),chilled,brand,Fresh,last8_mean,0.06689140010847477,17.88912499999999,20.0
2025-W40..W49 (deepavali),chilled,brand,Fresh,mean13,0.07170459068964621,19.176342307692277,20.0
2025-W40..W49 (deepavali),chilled,brand,Fresh,mean26,0.07237985094053859,19.356930769230768,20.0
2025-W40..W49 (deepavali),chilled,brand,Fresh,same_week_last_year,0.08994098947652206,24.053399999999996,20.0
2025-W40..W49 (deepavali),total,brand,Fresh,ewm_hl8,0.05594336853202595,41.7726,20.0
2025-W40..W49 (deepavali),total,brand,Style,ewm_hl8,0.09610998871129092,10.82387809566897,20.0
2025-W40..W49 (deepavali),total,brand,Tech,ewm_hl8,0.2500986493185018,6.624763082338068,20.0
2025-W40..W49 (deepavali),total,brand,Fresh,glm_cal,0.015995797528137793,11.943972437794333,20.0
2025-W40..W49 (deepavali),total,brand,Style,glm_cal,0.058126137880448674,6.546148210254765,20.0
2025-W40..W49 (deepavali),total,brand,Tech,glm_cal,0.2697229270170302,7.144582724583307,20.0
2025-W40..W49 (deepavali),total,brand,Fresh,glm_op,0.017617269738601025,13.154716657102849,20.0
2025-W40..W49 (deepavali),total,brand,Style,glm_op,0.057042279776215524,6.424084435713459,20.0
2025-W40..W49 (deepavali),total,brand,Tech,glm_op,0.27225555251846734,7.2116684284406745,20.0
2025-W40..W49 (deepavali),total,brand,Fresh,last8_mean,0.05695134448577623,42.52524999999999,20.0
2025-W40..W49 (deepavali),total,brand,Style,last8_mean,0.11748821476171585,13.231487500000009,20.0
2025-W40..W49 (deepavali),total,brand,Tech,last8_mean,0.28869070090529503,7.647012499999998,20.0
2025-W40..W49 (deepavali),total,brand,Fresh,mean13,0.056368792291011605,42.09026153846154,20.0
2025-W40..W49 (deepavali),total,brand,Style,mean13,0.10300356659830177,11.600230769230766,20.0
2025-W40..W49 (deepavali),total,brand,Tech,mean13,0.2592645079828245,6.867553846153847,20.0
2025-W40..W49 (deepavali),total,brand,Fresh,mean26,0.05594336853202595,41.7726,20.0
2025-W40..W49 (deepavali),total,brand,Style,mean26,0.0960056790173546,10.81213076923077,20.0
2025-W40..W49 (deepavali),total,brand,Tech,mean26,0.23827028056772168,6.311446153846153,20.0
2025-W40..W49 (deepavali),total,brand,Fresh,same_week_last_year,0.08910385560679174,66.53335,20.0
2025-W40..W49 (deepavali),total,brand,Style,same_week_last_year,0.15355173206819062,17.292950000000005,20.0
2025-W40..W49 (deepavali),total,brand,Tech,same_week_last_year,0.36006244195616227,9.53755,20.0
2026-W04..W13,chilled,brand,Fresh,ewm_hl8,0.04008447880956847,10.939439078127807,20.0
2026-W04..W13,chilled,brand,Fresh,glm_cal,0.02371277630722234,6.471444296893526,20.0
2026-W04..W13,chilled,brand,Fresh,glm_op,0.024905698738342953,6.79700428040168,20.0
2026-W04..W13,chilled,brand,Fresh,last8_mean,0.04300572423982153,11.736674999999998,20.0
2026-W04..W13,chilled,brand,Fresh,mean13,0.03856915369665379,10.525892307692306,20.0
2026-W04..W13,chilled,brand,Fresh,mean26,0.04038757776314095,11.02215769230769,20.0
2026-W04..W13,chilled,brand,Fresh,same_week_last_year,0.0501796199180974,13.694499999999994,20.0
2026-W04..W13,total,brand,Fresh,ewm_hl8,0.03926419713512211,29.553428906329838,20.0
2026-W04..W13,total,brand,Style,ewm_hl8,0.0959683855913486,10.826006440208133,20.0
2026-W04..W13,total,brand,Tech,ewm_hl8,0.2371245504922482,6.579720170831379,20.0
2026-W04..W13,total,brand,Fresh,glm_cal,0.017338239888220624,13.050169805689748,20.0
2026-W04..W13,total,brand,Style,glm_cal,0.05196532398243401,5.862106866076615,20.0
2026-W04..W13,total,brand,Tech,glm_cal,0.26127808484378834,7.249931234341197,20.0
2026-W04..W13,total,brand,Fresh,glm_op,0.02064635622760343,15.540127277973458,20.0
2026-W04..W13,total,brand,Style,glm_op,0.052915948699036826,5.969344986638381,20.0
2026-W04..W13,total,brand,Tech,glm_op,0.2660498671850277,7.382338412156791,20.0
2026-W04..W13,total,brand,Fresh,last8_mean,0.053062643972778135,39.939262500000005,20.0
2026-W04..W13,total,brand,Style,last8_mean,0.10085239927469716,11.376962500000001,20.0
2026-W04..W13,total,brand,Tech,last8_mean,0.29732016239037473,8.250024999999999,20.0
2026-W04..W13,total,brand,Fresh,mean13,0.03766661375668165,28.350957692307713,20.0
2026-W04..W13,total,brand,Style,mean13,0.09589417258240539,10.817634615384616,20.0
2026-W04..W13,total,brand,Tech,mean13,0.23155764660092013,6.425250000000003,20.0
2026-W04..W13,total,brand,Fresh,mean26,0.03850805676777588,28.984296153846184,20.0
2026-W04..W13,total,brand,Style,mean26,0.10453181992979024,11.792030769230774,20.0
2026-W04..W13,total,brand,Tech,mean26,0.22994422179767401,6.380480769230769,20.0
2026-W04..W13,total,brand,Fresh,same_week_last_year,0.059182282117127005,44.54540000000001,20.0
2026-W04..W13,total,brand,Style,same_week_last_year,0.05427848455850446,6.123049999999999,20.0
2026-W04..W13,total,brand,Tech,same_week_last_year,0.3037683864934166,8.42895,20.0
2025-W14..W23 (headline),chilled,series,Kandy Fresh,ewm_hl8,0.14767880492458374,28.109213265106256,10.0
2025-W14..W23 (headline),chilled,series,Peliyagoda Fresh,ewm_hl8,0.15083172094869385,55.82995426351247,10.0
2025-W14..W23 (headline),chilled,series,Kandy Fresh,glm_cal,0.027617723028183386,5.256762924729031,10.0
2025-W14..W23 (headline),chilled,series,Peliyagoda Fresh,glm_cal,0.020635747143567647,7.638266088674277,10.0
2025-W14..W23 (headline),chilled,series,Kandy Fresh,glm_op,0.03271595090688582,6.2271606388068275,10.0
2025-W14..W23 (headline),chilled,series,Peliyagoda Fresh,glm_op,0.02415249421338591,8.939980521350417,10.0
2025-W14..W23 (headline),chilled,series,Kandy Fresh,last8_mean,0.15189775990568463,28.912249999999993,10.0
2025-W14..W23 (headline),chilled,series,Peliyagoda Fresh,last8_mean,0.15367794118719758,56.883474999999976,10.0
2025-W14..W23 (headline),chilled,series,Kandy Fresh,mean13,0.1456156276619847,27.716507692307697,10.0
2025-W14..W23 (headline),chilled,series,Peliyagoda Fresh,mean13,0.1497491778169227,55.429253846153834,10.0
2025-W14..W23 (headline),chilled,series,Kandy Fresh,mean26,0.1509978529940682,28.74096153846154,10.0
2025-W14..W23 (headline),chilled,series,Peliyagoda Fresh,mean26,0.1565037237046731,57.92943076923075,10.0
2025-W14..W23 (headline),chilled,series,Kandy Fresh,same_week_last_year,0.12309433319918756,23.4298,10.0
2025-W14..W23 (headline),chilled,series,Peliyagoda Fresh,same_week_last_year,0.1302913731911593,48.227,10.0
2025-W14..W23 (headline),total,series,Kandy Fresh,ewm_hl8,0.13342578410086675,68.0413992401473,10.0
2025-W14..W23 (headline),total,series,Kandy Style,ewm_hl8,0.22427701100923053,17.347647379955177,10.0
2025-W14..W23 (headline),total,series,Kandy Tech,ewm_hl8,0.3154232028015921,6.331899999999999,10.0
2025-W14..W23 (headline),total,series,Peliyagoda Fresh,ewm_hl8,0.13159052234567886,128.83959615793796,10.0
2025-W14..W23 (headline),total,series,Peliyagoda Style,ewm_hl8,0.1380136738466738,19.091238284067,10.0
2025-W14..W23 (headline),total,series,Peliyagoda Tech,ewm_hl8,0.388915096000169,11.047600000000001,10.0
2025-W14..W23 (headline),total,series,Kandy Fresh,glm_cal,0.022059889628507384,11.249592929295778,10.0
2025-W14..W23 (headline),total,series,Kandy Style,glm_cal,0.10325003009862714,7.986307228104731,10.0
2025-W14..W23 (headline),total,series,Kandy Tech,glm_cal,0.40592936181585343,8.148747787899985,10.0
2025-W14..W23 (headline),total,series,Peliyagoda Fresh,glm_cal,0.022254232095884913,21.78900292307402,10.0
2025-W14..W23 (headline),total,series,Peliyagoda Style,glm_cal,0.055721730737685424,7.707909002520992,10.0
2025-W14..W23 (headline),total,series,Peliyagoda Tech,glm_cal,0.35342738471536217,10.03952897570152,10.0
2025-W14..W23 (headline),total,series,Kandy Fresh,glm_op,0.025092013703252744,12.79584552286829,10.0
2025-W14..W23 (headline),total,series,Kandy Style,glm_op,0.10455328140900487,8.0871126743614,10.0
2025-W14..W23 (headline),total,series,Kandy Tech,glm_op,0.40234766993066146,8.076847830489076,10.0
2025-W14..W23 (headline),total,series,Peliyagoda Fresh,glm_op,0.027223260815960708,26.654153103950886,10.0
2025-W14..W23 (headline),total,series,Peliyagoda Style,glm_op,0.056317849045827754,7.790369213520689,10.0
2025-W14..W23 (headline),total,series,Peliyagoda Tech,glm_op,0.34409980369962945,9.774567843852415,10.0
2025-W14..W23 (headline),total,series,Kandy Fresh,last8_mean,0.1395465969771171,71.16275000000002,10.0
2025-W14..W23 (headline),total,series,Kandy Style,last8_mean,0.22397516716397847,17.324300000000004,10.0
2025-W14..W23 (headline),total,series,Kandy Tech,last8_mean,0.3154232028015921,6.331899999999999,10.0
2025-W14..W23 (headline),total,series,Peliyagoda Fresh,last8_mean,0.1396588205759034,136.73922500000003,10.0
2025-W14..W23 (headline),total,series,Peliyagoda Style,last8_mean,0.14276964416613774,19.749125,10.0
2025-W14..W23 (headline),total,series,Peliyagoda Tech,last8_mean,0.399037886095289,11.335149999999999,10.0
2025-W14..W23 (headline),total,series,Kandy Fresh,mean13,0.1317238468885991,67.17348461538464,10.0
2025-W14..W23 (headline),total,series,Kandy Style,mean13,0.22452044653437817,17.366476923076924,10.0
2025-W14..W23 (headline),total,series,Kandy Tech,mean13,0.3285061381582805,6.5945307692307695,10.0
2025-W14..W23 (headline),total,series,Peliyagoda Fresh,mean13,0.1300647998853322,127.34576923076936,10.0
2025-W14..W23 (headline),total,series,Peliyagoda Style,mean13,0.1330733207293804,18.407846153846172,10.0
2025-W14..W23 (headline),total,series,Peliyagoda Tech,mean13,0.38891509600016894,11.0476,10.0
2025-W14..W23 (headline),total,series,Kandy Fresh,mean26,0.13175196389522933,67.18782307692308,10.0
2025-W14..W23 (headline),total,series,Kandy Style,mean26,0.2266636739119971,17.532253846153846,10.0
2025-W14..W23 (headline),total,series,Kandy Tech,mean26,0.3262280627468953,6.5488,10.0
2025-W14..W23 (headline),total,series,Peliyagoda Fresh,mean26,0.13190945507877436,129.15186153846156,10.0
2025-W14..W23 (headline),total,series,Peliyagoda Style,mean26,0.13848662921811927,19.156661538461535,10.0
2025-W14..W23 (headline),total,series,Peliyagoda Tech,mean26,0.38891509600016894,11.0476,10.0
2025-W14..W23 (headline),total,series,Kandy Fresh,same_week_last_year,0.12111356861726945,61.76270000000002,10.0
2025-W14..W23 (headline),total,series,Kandy Style,same_week_last_year,0.1641309800230642,12.695399999999998,10.0
2025-W14..W23 (headline),total,series,Kandy Tech,same_week_last_year,0.43003242952431714,8.632599999999998,10.0
2025-W14..W23 (headline),total,series,Peliyagoda Fresh,same_week_last_year,0.12582264761287668,123.19229999999997,10.0
2025-W14..W23 (headline),total,series,Peliyagoda Style,same_week_last_year,0.0855209985498299,11.830000000000002,10.0
2025-W14..W23 (headline),total,series,Peliyagoda Tech,same_week_last_year,0.3080454267026212,8.750399999999999,10.0
2025-W30..W39 (esala),chilled,series,Kandy Fresh,ewm_hl8,0.04092033550420516,7.810390781083731,10.0
2025-W30..W39 (esala),chilled,series,Peliyagoda Fresh,ewm_hl8,0.04740508762122776,17.486400000000003,10.0
2025-W30..W39 (esala),chilled,series,Kandy Fresh,glm_cal,0.03801006756916386,7.254913178804682,10.0
2025-W30..W39 (esala),chilled,series,Peliyagoda Fresh,glm_cal,0.029246313905080125,10.788140453531934,10.0
2025-W30..W39 (esala),chilled,series,Kandy Fresh,glm_op,0.03720154817987802,7.100592538306595,10.0
2025-W30..W39 (esala),chilled,series,Peliyagoda Fresh,glm_op,0.025501014402771,9.406605084576062,10.0
2025-W30..W39 (esala),chilled,series,Kandy Fresh,last8_mean,0.0474029985089187,9.047724999999996,10.0
2025-W30..W39 (esala),chilled,series,Peliyagoda Fresh,last8_mean,0.04901702976481262,18.081000000000007,10.0
2025-W30..W39 (esala),chilled,series,Kandy Fresh,mean13,0.04434127037158867,8.463338461538461,10.0
2025-W30..W39 (esala),chilled,series,Peliyagoda Fresh,mean13,0.04740508762122776,17.486400000000003,10.0
2025-W30..W39 (esala),chilled,series,Kandy Fresh,mean26,0.04050511537038883,7.73113846153845,10.0
2025-W30..W39 (esala),chilled,series,Peliyagoda Fresh,mean26,0.04876413806806427,17.987715384615388,10.0
2025-W30..W39 (esala),chilled,series,Kandy Fresh,same_week_last_year,0.0894952642713663,17.081799999999994,10.0
2025-W30..W39 (esala),chilled,series,Peliyagoda Fresh,same_week_last_year,0.0788010902432769,29.06749999999999,10.0
2025-W30..W39 (esala),total,series,Kandy Fresh,ewm_hl8,0.047794864007093506,24.836519830017334,10.0
2025-W30..W39 (esala),total,series,Kandy Style,ewm_hl8,0.1305064556817179,11.338857642222536,10.0
2025-W30..W39 (esala),total,series,Kandy Tech,ewm_hl8,0.30086602267265855,7.222529567075307,10.0
2025-W30..W39 (esala),total,series,Peliyagoda Fresh,ewm_hl8,0.05052450780769233,50.39171424382137,10.0
2025-W30..W39 (esala),total,series,Peliyagoda Style,ewm_hl8,0.08824211718468214,12.846887466142883,10.0
2025-W30..W39 (esala),total,series,Peliyagoda Tech,ewm_hl8,0.3370157656908221,10.128200000000001,10.0
2025-W30..W39 (esala),total,series,Kandy Fresh,glm_cal,0.028961882486885242,15.04999299910969,10.0
2025-W30..W39 (esala),total,series,Kandy Style,glm_cal,0.056253657572238436,4.887514657677578,10.0
2025-W30..W39 (esala),total,series,Kandy Tech,glm_cal,0.4251192829697402,10.205328483114991,10.0
2025-W30..W39 (esala),total,series,Peliyagoda Fresh,glm_cal,0.025357315695855295,25.290669063011876,10.0
2025-W30..W39 (esala),total,series,Peliyagoda Style,glm_cal,0.034508338435904645,5.023958566200363,10.0
2025-W30..W39 (esala),total,series,Peliyagoda Tech,glm_cal,0.31039644949224077,9.328220338010514,10.0
2025-W30..W39 (esala),total,series,Kandy Fresh,glm_op,0.028274874300240595,14.692990362833717,10.0
2025-W30..W39 (esala),total,series,Kandy Style,glm_op,0.05793589016917221,5.033672913513273,10.0
2025-W30..W39 (esala),total,series,Kandy Tech,glm_op,0.4244964981001229,10.190378034091932,10.0
2025-W30..W39 (esala),total,series,Peliyagoda Fresh,glm_op,0.021377636646850946,21.321449804452026,10.0
2025-W30..W39 (esala),total,series,Peliyagoda Style,glm_op,0.03602551312489816,5.244839174211924,10.0
2025-W30..W39 (esala),total,series,Peliyagoda Tech,glm_op,0.31297862369167634,9.405821386356473,10.0
2025-W30..W39 (esala),total,series,Kandy Fresh,last8_mean,0.04763933606633565,24.75570000000001,10.0
2025-W30..W39 (esala),total,series,Kandy Style,last8_mean,0.12953408875102881,11.25437500000001,10.0
2025-W30..W39 (esala),total,series,Kandy Tech,last8_mean,0.3055969807296571,7.336100000000002,10.0
2025-W30..W39 (esala),total,series,Peliyagoda Fresh,last8_mean,0.045541546847579474,45.42184999999997,10.0
2025-W30..W39 (esala),total,series,Peliyagoda Style,last8_mean,0.08781290611511483,12.784400000000002,10.0
2025-W30..W39 (esala),total,series,Peliyagoda Tech,last8_mean,0.3370157656908221,10.1282,10.0
2025-W30..W39 (esala),total,series,Kandy Fresh,mean13,0.04763933606633565,24.75570000000001,10.0
2025-W30..W39 (esala),total,series,Kandy Style,mean13,0.1547636512376653,13.446407692307693,10.0
2025-W30..W39 (esala),total,series,Kandy Tech,mean13,0.33242735569673226,7.980184615384616,10.0
2025-W30..W39 (esala),total,series,Peliyagoda Fresh,mean13,0.04832827505147157,48.20125384615378,10.0
2025-W30..W39 (esala),total,series,Peliyagoda Style,mean13,0.09909731883976804,14.427261538461542,10.0
2025-W30..W39 (esala),total,series,Peliyagoda Tech,mean13,0.3370157656908221,10.1282,10.0
2025-W30..W39 (esala),total,series,Kandy Fresh,mean26,0.04899782884219667,25.461638461538474,10.0
2025-W30..W39 (esala),total,series,Kandy Style,mean26,0.12571343324017886,10.922423076923078,10.0
2025-W30..W39 (esala),total,series,Kandy Tech,mean26,0.2960380728503432,7.106630769230771,10.0
2025-W30..W39 (esala),total,series,Peliyagoda Fresh,mean26,0.05240165804707593,52.2639307692308,10.0
2025-W30..W39 (esala),total,series,Peliyagoda Style,mean26,0.08919685449082343,12.985884615384615,10.0
2025-W30..W39 (esala),total,series,Peliyagoda Tech,mean26,0.3370157656908221,10.1282,10.0
2025-W30..W39 (esala),total,series,Kandy Fresh,same_week_last_year,0.08523630309191811,44.2929,10.0
2025-W30..W39 (esala),total,series,Kandy Style,same_week_last_year,0.09636582320003226,8.372600000000002,10.0
2025-W30..W39 (esala),total,series,Kandy Tech,same_week_last_year,0.48599088553599545,11.6666,10.0
2025-W30..W39 (esala),total,series,Peliyagoda Fresh,same_week_last_year,0.07380478110618138,73.6108,10.0
2025-W30..W39 (esala),total,series,Peliyagoda Style,same_week_last_year,0.05512106866831336,8.024900000000004,10.0
2025-W30..W39 (esala),total,series,Peliyagoda Tech,same_week_last_year,0.30721801108722707,9.2327,10.0
2025-W40..W49 (deepavali),chilled,series,Kandy Fresh,ewm_hl8,0.06859318777741609,12.520376298880757,10.0
2025-W40..W49 (deepavali),chilled,series,Peliyagoda Fresh,ewm_hl8,0.06392696941675974,22.524015618907242,10.0
2025-W40..W49 (deepavali),chilled,series,Kandy Fresh,glm_cal,0.016242398816581998,2.9647396741496466,10.0
2025-W40..W49 (deepavali),chilled,series,Peliyagoda Fresh,glm_cal,0.023723824254210876,8.35884749296381,10.0
2025-W40..W49 (deepavali),chilled,series,Kandy Fresh,glm_op,0.018421712744489435,3.3625318067931262,10.0
2025-W40..W49 (deepavali),chilled,series,Peliyagoda Fresh,glm_op,0.023427095685582697,8.25429820843907,10.0
2025-W40..W49 (deepavali),chilled,series,Kandy Fresh,last8_mean,0.07357110494716236,13.428999999999997,10.0
2025-W40..W49 (deepavali),chilled,series,Peliyagoda Fresh,last8_mean,0.06343095500423167,22.349249999999984,10.0
2025-W40..W49 (deepavali),chilled,series,Kandy Fresh,mean13,0.07353052172367687,13.421592307692288,10.0
2025-W40..W49 (deepavali),chilled,series,Peliyagoda Fresh,mean13,0.07075866055351189,24.931092307692268,10.0
2025-W40..W49 (deepavali),chilled,series,Kandy Fresh,mean26,0.07492489048324256,13.6761076923077,10.0
2025-W40..W49 (deepavali),chilled,series,Peliyagoda Fresh,mean26,0.07106138405639624,25.03775384615384,10.0
2025-W40..W49 (deepavali),chilled,series,Kandy Fresh,same_week_last_year,0.09273553135386939,16.927099999999996,10.0
2025-W40..W49 (deepavali),chilled,series,Peliyagoda Fresh,same_week_last_year,0.08849326701099336,31.179699999999997,10.0
2025-W40..W49 (deepavali),total,series,Kandy Fresh,ewm_hl8,0.051498972922538654,26.477099999999997,10.0
2025-W40..W49 (deepavali),total,series,Kandy Style,ewm_hl8,0.11848074221493794,9.715799999999998,10.0
2025-W40..W49 (deepavali),total,series,Kandy Tech,ewm_hl8,0.3285711119114501,6.877486228974517,10.0
2025-W40..W49 (deepavali),total,series,Peliyagoda Fresh,ewm_hl8,0.058276754051349584,57.0681,10.0
2025-W40..W49 (deepavali),total,series,Peliyagoda Style,ewm_hl8,0.08330265806645205,11.93195619133794,10.0
2025-W40..W49 (deepavali),total,series,Peliyagoda Tech,ewm_hl8,0.19884227636474217,6.3720399357016175,10.0
2025-W40..W49 (deepavali),total,series,Kandy Fresh,glm_cal,0.013697074605660609,7.0420591608113,10.0
2025-W40..W49 (deepavali),total,series,Kandy Style,glm_cal,0.07494847215625212,6.146014551923574,10.0
2025-W40..W49 (deepavali),total,series,Kandy Tech,glm_cal,0.40137447702122664,8.401369865769805,10.0
2025-W40..W49 (deepavali),total,series,Peliyagoda Fresh,glm_cal,0.017202667314615762,16.845885714777364,10.0
2025-W40..W49 (deepavali),total,series,Peliyagoda Style,glm_cal,0.04849529566259057,6.946281868585956,10.0
2025-W40..W49 (deepavali),total,series,Peliyagoda Tech,glm_cal,0.18373122083140053,5.887795583396811,10.0
2025-W40..W49 (deepavali),total,series,Kandy Fresh,glm_op,0.017488952187477834,8.991572252510133,10.0
2025-W40..W49 (deepavali),total,series,Kandy Style,glm_op,0.0694140394156574,5.692173357010036,10.0
2025-W40..W49 (deepavali),total,series,Kandy Tech,glm_op,0.406271559142544,8.503873140192159,10.0
2025-W40..W49 (deepavali),total,series,Peliyagoda Fresh,glm_op,0.017684638699866934,17.317861061695567,10.0
2025-W40..W49 (deepavali),total,series,Peliyagoda Style,glm_op,0.049959406312209347,7.155995514416881,10.0
2025-W40..W49 (deepavali),total,series,Peliyagoda Tech,glm_op,0.18471943869814642,5.91946371668919,10.0
2025-W40..W49 (deepavali),total,series,Kandy Fresh,last8_mean,0.054426839038552,27.982399999999984,10.0
2025-W40..W49 (deepavali),total,series,Kandy Style,last8_mean,0.14808964772106462,12.143825000000003,10.0
2025-W40..W49 (deepavali),total,series,Kandy Tech,last8_mean,0.40695960633494976,8.518275,10.0
2025-W40..W49 (deepavali),total,series,Peliyagoda Fresh,last8_mean,0.058276754051349584,57.0681,10.0
2025-W40..W49 (deepavali),total,series,Peliyagoda Style,last8_mean,0.0999687928051708,14.319150000000008,10.0
2025-W40..W49 (deepavali),total,series,Peliyagoda Tech,last8_mean,0.21144022442948657,6.775749999999998,10.0
2025-W40..W49 (deepavali),total,series,Kandy Fresh,mean13,0.05273470062442162,27.112423076923072,10.0
2025-W40..W49 (deepavali),total,series,Kandy Style,mean13,0.11967694318870856,9.813892307692305,10.0
2025-W40..W49 (deepavali),total,series,Kandy Tech,mean13,0.37313030232314587,7.810176923076926,10.0
2025-W40..W49 (deepavali),total,series,Peliyagoda Fresh,mean13,0.058276754051349584,57.0681,10.0
2025-W40..W49 (deepavali),total,series,Peliyagoda Style,mean13,0.09345800314982683,13.386569230769226,10.0
2025-W40..W49 (deepavali),total,series,Peliyagoda Tech,mean13,0.18489004044944465,5.924930769230768,10.0
2025-W40..W49 (deepavali),total,series,Kandy Fresh,mean26,0.051498972922538654,26.477099999999997,10.0
2025-W40..W49 (deepavali),total,series,Kandy Style,mean26,0.11848074221493794,9.715799999999998,10.0
2025-W40..W49 (deepavali),total,series,Kandy Tech,mean26,0.3110450021039324,6.51063846153846,10.0
2025-W40..W49 (deepavali),total,series,Peliyagoda Fresh,mean26,0.058276754051349584,57.0681,10.0
2025-W40..W49 (deepavali),total,series,Peliyagoda Style,mean26,0.08313863072646119,11.908461538461541,10.0
2025-W40..W49 (deepavali),total,series,Peliyagoda Tech,mean26,0.19073553850138542,6.1122538461538465,10.0
2025-W40..W49 (deepavali),total,series,Kandy Fresh,same_week_last_year,0.09207869547060885,47.340300000000006,10.0
2025-W40..W49 (deepavali),total,series,Kandy Style,same_week_last_year,0.18265506711933197,14.9783,10.0
2025-W40..W49 (deepavali),total,series,Kandy Tech,same_week_last_year,0.4836394907197287,10.1233,10.0
2025-W40..W49 (deepavali),total,series,Peliyagoda Fresh,same_week_last_year,0.08754201258685,85.7264,10.0
2025-W40..W49 (deepavali),total,series,Peliyagoda Style,same_week_last_year,0.1368899761373173,19.60760000000001,10.0
2025-W40..W49 (deepavali),total,series,Peliyagoda Tech,same_week_last_year,0.2793448106922301,8.951799999999999,10.0
2026-W04..W13,chilled,series,Kandy Fresh,ewm_hl8,0.02929919465062079,5.496399999999997,10.0
2026-W04..W13,chilled,series,Peliyagoda Fresh,ewm_hl8,0.045732548487189606,16.382478156255615,10.0
2026-W04..W13,chilled,series,Kandy Fresh,glm_cal,0.015892968584216616,2.9814509773372664,10.0
2026-W04..W13,chilled,series,Peliyagoda Fresh,glm_cal,0.027807876467239413,9.961437616449786,10.0
2026-W04..W13,chilled,series,Kandy Fresh,glm_op,0.012174415324065439,2.28386674736725,10.0
2026-W04..W13,chilled,series,Peliyagoda Fresh,glm_op,0.03157285509228345,11.31014181343611,10.0
2026-W04..W13,chilled,series,Kandy Fresh,last8_mean,0.032563930070854535,6.108849999999999,10.0
2026-W04..W13,chilled,series,Peliyagoda Fresh,last8_mean,0.04847391405814691,17.3645,10.0
2026-W04..W13,chilled,series,Kandy Fresh,mean13,0.03052080768828921,5.725569230769227,10.0
2026-W04..W13,chilled,series,Peliyagoda Fresh,mean13,0.04278393546548967,15.326215384615386,10.0
2026-W04..W13,chilled,series,Kandy Fresh,mean26,0.02929919465062079,5.496399999999997,10.0
2026-W04..W13,chilled,series,Peliyagoda Fresh,mean26,0.04619437520201177,16.547915384615386,10.0
2026-W04..W13,chilled,series,Kandy Fresh,same_week_last_year,0.059824963911733565,11.222900000000005,10.0
2026-W04..W13,chilled,series,Peliyagoda Fresh,same_week_last_year,0.04512851749577633,16.166099999999982,10.0
2026-W04..W13,total,series,Kandy Fresh,ewm_hl8,0.03157288691461818,16.430410373397024,10.0
2026-W04..W13,total,series,Kandy Style,ewm_hl8,0.11175832256100766,8.98162523009922,10.0
2026-W04..W13,total,series,Kandy Tech,ewm_hl8,0.2538590629360014,5.286894230611459,10.0
2026-W04..W13,total,series,Peliyagoda Fresh,ewm_hl8,0.0433278161635575,42.67644743926265,10.0
2026-W04..W13,total,series,Peliyagoda Style,ewm_hl8,0.08723182473698408,12.670387650317045,10.0
2026-W04..W13,total,series,Peliyagoda Tech,ewm_hl8,0.22707215245116208,7.872546111051298,10.0
2026-W04..W13,total,series,Kandy Fresh,glm_cal,0.013072658359345488,6.802961734101626,10.0
2026-W04..W13,total,series,Kandy Style,glm_cal,0.07489266599349709,6.018861441566382,10.0
2026-W04..W13,total,series,Kandy Tech,glm_cal,0.22701943177243278,4.727929388035863,10.0
2026-W04..W13,total,series,Peliyagoda Fresh,glm_cal,0.019591912899857886,19.29737787727787,10.0
2026-W04..W13,total,series,Peliyagoda Style,glm_cal,0.03927964201338143,5.7053522905868475,10.0
2026-W04..W13,total,series,Peliyagoda Tech,glm_cal,0.2818572094631792,9.77193308064653,10.0
2026-W04..W13,total,series,Kandy Fresh,glm_op,0.014703934872166423,7.651871832522891,10.0
2026-W04..W13,total,series,Kandy Style,glm_op,0.0782442885364213,6.288219614662301,10.0
2026-W04..W13,total,series,Kandy Tech,glm_op,0.22439424589083568,4.673257004347133,10.0
2026-W04..W13,total,series,Peliyagoda Fresh,glm_op,0.02378596908973455,23.428382723424022,10.0
2026-W04..W13,total,series,Peliyagoda Style,glm_op,0.03890179634652668,5.650470358614461,10.0
2026-W04..W13,total,series,Peliyagoda Tech,glm_op,0.2910723401913611,10.09141981996645,10.0
2026-W04..W13,total,series,Kandy Fresh,last8_mean,0.04906992018773399,25.53580000000005,10.0
2026-W04..W13,total,series,Kandy Style,last8_mean,0.10920595024046093,8.776500000000002,10.0
2026-W04..W13,total,series,Kandy Tech,last8_mean,0.41285454309736347,8.59815,10.0
2026-W04..W13,total,series,Peliyagoda Fresh,last8_mean,0.05517215560123107,54.34272499999996,10.0
2026-W04..W13,total,series,Peliyagoda Style,last8_mean,0.09623038548815281,13.977425000000002,10.0
2026-W04..W13,total,series,Peliyagoda Tech,last8_mean,0.22791882272179245,7.9018999999999995,10.0
2026-W04..W13,total,series,Kandy Fresh,mean13,0.031012761194111473,16.13892307692307,10.0
2026-W04..W13,total,series,Kandy Style,mean13,0.11406331283270056,9.166869230769228,10.0
2026-W04..W13,total,series,Kandy Tech,mean13,0.2466797395132514,5.137376923076925,10.0
2026-W04..W13,total,series,Peliyagoda Fresh,mean13,0.041182103460059155,40.562992307692355,10.0
2026-W04..W13,total,series,Peliyagoda Style,mean13,0.08584120025115391,12.468400000000006,10.0
2026-W04..W13,total,series,Peliyagoda Tech,mean13,0.22247382669998322,7.713123076923078,10.0
2026-W04..W13,total,series,Kandy Fresh,mean26,0.030200658060738537,15.716307692307703,10.0
2026-W04..W13,total,series,Kandy Style,mean26,0.1313987027698587,10.56005384615385,10.0
2026-W04..W13,total,series,Kandy Tech,mean26,0.2247073106859625,4.679776923076924,10.0
2026-W04..W13,total,series,Peliyagoda Fresh,mean26,0.04289717936131297,42.25228461538467,10.0
2026-W04..W13,total,series,Peliyagoda Style,mean26,0.08966639283211589,13.0240076923077,10.0
2026-W04..W13,total,series,Peliyagoda Tech,mean26,0.23309002692212286,8.081184615384615,10.0
2026-W04..W13,total,series,Kandy Fresh,same_week_last_year,0.06238323800212221,32.463999999999984,10.0
2026-W04..W13,total,series,Kandy Style,same_week_last_year,0.05240367566087864,4.211500000000003,10.0
2026-W04..W13,total,series,Kandy Tech,same_week_last_year,0.34774153586125106,7.242100000000001,10.0
2026-W04..W13,total,series,Peliyagoda Fresh,same_week_last_year,0.05749109233664295,56.626800000000024,10.0
2026-W04..W13,total,series,Peliyagoda Style,same_week_last_year,0.05531581498331146,8.034599999999996,10.0
2026-W04..W13,total,series,Peliyagoda Tech,same_week_last_year,0.27735377763932884,9.615800000000002,10.0
