row_id,depot,brand,iso_week,op_days,paydays,payday_tail,pred_total_volume_m3,pred_chilled_volume_m3,last8_mean,vs_last8,match_2025_week,actual_2025_match,vs_2025_match,notes,flag,explanation
W0000,Kandy,Fresh,14,6,1,2,552.655,204.361,521.5242499999999,0.059691855172602226,14,523.712,0.055265107540021896,new_year ramp up to 0.1,False,
W0006,Kandy,Fresh,15,6,0,0,730.196,270.846,521.5242499999999,0.4001189781683212,15,696.7959999999999,0.047933685038375806,new_year ramp up to 0.8,True,festival build-up: new_year ramp up to 0.8
W0012,Kandy,Fresh,16,4,0,0,355.345,131.805,521.5242499999999,-0.31864146298086793,16,334.31,0.06292064251742402,"closed Mon 13 Apr (new_year), Tue 14 Apr",True,closures remove 30% of a normal week's Fresh volume (4 operating days)
W0018,Kandy,Fresh,17,6,1,1,562.631,208.692,521.5242499999999,0.07882040001016266,17,516.234,0.08987590898700959,vesak ramp up to 0.4,False,
W0024,Kandy,Fresh,18,5,1,3,557.135,207.048,521.5242499999999,0.06828205975081714,20,495.012,0.12549796772603483,closed Fri 01 May (vesak); vesak ramp up to 0.9,False,
W0030,Kandy,Fresh,19,6,0,0,510.337,191.159,521.5242499999999,-0.02145106387670359,21,479.029,0.06535721219383372,,False,
W0036,Kandy,Fresh,20,6,0,0,510.694,191.293,521.5242499999999,-0.020766531949377054,22,522.2180000000001,-0.022067412459930602,,False,
W0042,Kandy,Fresh,21,6,0,0,520.277,194.882,521.5242499999999,-0.0023915474687895566,23,537.292,-0.031668068759631574,poson ramp up to 0.3,False,
W0048,Kandy,Fresh,22,6,2,3,651.896,244.184,521.5242499999999,0.24998214368747007,24,521.09,0.2510238154637394,poson ramp up to 1.0; poson Sat 30 May (open),False,
W0054,Kandy,Fresh,23,6,0,1,526.86,198.805,521.5242499999999,0.010231067874600486,25,484.513,0.08740116364266814,,False,
W0001,Kandy,Style,14,6,1,2,80.224,0.0,81.1455,-0.011356144210091679,14,84.66300000000001,-0.05243140450964423,new_year ramp up to 0.1,False,
W0007,Kandy,Style,15,6,0,0,121.128,0.0,81.1455,0.49272602916982455,15,130.984,-0.07524583155194531,new_year ramp up to 0.8,True,festival build-up: new_year ramp up to 0.8
W0013,Kandy,Style,16,4,0,0,51.247,0.0,81.1455,-0.3684554288284625,16,39.885000000000005,0.28486899837031454,"closed Mon 13 Apr (new_year), Tue 14 Apr",True,closures remove 32% of a normal week's Style volume (4 operating days); 2 of 9 Style outlets skip their order (delivery day closed)
W0019,Kandy,Style,17,6,1,1,78.49,0.0,81.1455,-0.03272516652186508,17,72.542,0.08199387940779124,vesak ramp up to 0.4,False,
W0025,Kandy,Style,18,5,1,3,87.339,0.0,81.1455,0.07632585910494116,20,78.438,0.11347816109538744,closed Fri 01 May (vesak); vesak ramp up to 0.9,False,
W0031,Kandy,Style,19,6,0,0,76.769,0.0,81.1455,-0.0539339827840114,21,72.031,0.06577723480168252,,False,
W0037,Kandy,Style,20,6,0,0,76.794,0.0,81.1455,-0.053625894227036675,22,91.227,-0.15820974053734094,,False,
W0043,Kandy,Style,21,6,0,0,77.123,0.0,81.1455,-0.049571448817247954,23,77.61399999999999,-0.00632617826680737,poson ramp up to 0.3,False,
W0049,Kandy,Style,22,6,2,3,85.112,0.0,81.1455,0.048881330449624505,24,75.285,0.13053065019592225,poson ramp up to 1.0; poson Sat 30 May (open),False,
W0055,Kandy,Style,23,6,0,1,77.429,0.0,81.1455,-0.04580044487987622,25,76.952,0.006198669300343074,,False,
W0002,Kandy,Tech,14,6,1,2,22.603,0.0,20.497625,0.10271311920283455,14,20.022,0.1289082009789233,new_year ramp up to 0.1,False,
W0008,Kandy,Tech,15,6,0,0,22.603,0.0,20.497625,0.10271311920283455,15,32.41,-0.3025917926565873,new_year ramp up to 0.8,False,
W0014,Kandy,Tech,16,4,0,0,21.396,0.0,20.497625,0.043828248394631064,16,30.43,-0.296878080841275,"closed Mon 13 Apr (new_year), Tue 14 Apr",False,
W0020,Kandy,Tech,17,6,1,1,22.603,0.0,20.497625,0.10271311920283455,17,18.203,0.24171839806625295,vesak ramp up to 0.4,False,
W0026,Kandy,Tech,18,5,1,3,18.441,0.0,20.497625,-0.10033479488477326,20,2.844,5.484177215189874,closed Fri 01 May (vesak); vesak ramp up to 0.9,False,
W0032,Kandy,Tech,19,6,0,0,22.603,0.0,20.497625,0.10271311920283455,21,23.32,-0.030746140651800924,,False,
W0038,Kandy,Tech,20,6,0,0,22.603,0.0,20.497625,0.10271311920283455,22,25.849,-0.12557545746450538,,False,
W0044,Kandy,Tech,21,6,0,0,22.603,0.0,20.497625,0.10271311920283455,23,15.581,0.450677106732559,poson ramp up to 0.3,False,
W0050,Kandy,Tech,22,6,2,3,22.603,0.0,20.497625,0.10271311920283455,24,16.293,0.38728288221935814,poson ramp up to 1.0; poson Sat 30 May (open),False,
W0056,Kandy,Tech,23,6,0,1,22.603,0.0,20.497625,0.10271311920283455,25,9.824,1.300793973941368,,False,
W0003,Peliyagoda,Fresh,14,6,1,2,1048.543,392.338,985.3675000000001,0.06411364287943311,14,1015.8,0.032233707422721025,new_year ramp up to 0.1,False,
W0009,Peliyagoda,Fresh,15,6,0,0,1399.697,527.12,985.3675000000001,0.4204822058775024,15,1351.007,0.036039783657671576,new_year ramp up to 0.8,True,festival build-up: new_year ramp up to 0.8
W0015,Peliyagoda,Fresh,16,4,0,0,659.661,248.425,985.3675000000001,-0.3305431729786096,16,623.49,0.05801376124717317,"closed Mon 13 Apr (new_year), Tue 14 Apr",True,closures remove 32% of a normal week's Fresh volume (4 operating days)
W0021,Peliyagoda,Fresh,17,6,1,1,1037.739,390.808,985.3675000000001,0.05314920575318349,17,960.817,0.0800589498312374,vesak ramp up to 0.4,False,
W0027,Peliyagoda,Fresh,18,5,1,3,1069.58,403.454,985.3675000000001,0.08546303790210241,20,1004.64,0.06464007007485262,closed Fri 01 May (vesak); vesak ramp up to 0.9,False,
W0033,Peliyagoda,Fresh,19,6,0,0,976.755,370.926,985.3675000000001,-0.008740393812460945,21,962.755,0.014541601965193607,,False,
W0039,Peliyagoda,Fresh,20,6,0,0,977.377,371.162,985.3675000000001,-0.008109157243363585,22,983.7,-0.006427772694927447,,False,
W0045,Peliyagoda,Fresh,21,6,0,0,994.812,377.784,985.3675000000001,0.0095847488373626,23,1023.616,-0.0281394585469551,poson ramp up to 0.3,False,
W0051,Peliyagoda,Fresh,22,6,2,3,1230.89,467.435,985.3675000000001,0.2491684574536912,24,991.22,0.24179294203103252,poson ramp up to 1.0; poson Sat 30 May (open),False,
W0057,Peliyagoda,Fresh,23,6,0,1,990.207,377.79,985.3675000000001,0.004911365556505398,25,911.051,0.08688426882797984,,False,
W0004,Peliyagoda,Style,14,6,1,2,138.456,0.0,145.924375,-0.05117976349050668,14,134.31799999999998,0.03080748671064204,new_year ramp up to 0.1,False,
W0010,Peliyagoda,Style,15,6,0,0,234.307,0.0,145.924375,0.605674171981206,15,221.941,0.05571751050954976,new_year ramp up to 0.8,True,festival build-up: new_year ramp up to 0.8
W0016,Peliyagoda,Style,16,4,0,0,116.962,0.0,145.924375,-0.19847523760166863,16,114.877,0.018149847227904692,"closed Mon 13 Apr (new_year), Tue 14 Apr",False,
W0022,Peliyagoda,Style,17,6,1,1,136.795,0.0,145.924375,-0.06256237177647672,17,141.099,-0.030503405410385653,vesak ramp up to 0.4,False,
W0028,Peliyagoda,Style,18,5,1,3,100.203,0.0,145.924375,-0.3133223973033977,20,134.872,-0.2570511299602587,closed Fri 01 May (vesak); vesak ramp up to 0.9,True,closures remove 33% of a normal week's Style volume (5 operating days); 5 of 16 Style outlets skip their order (delivery day closed); festival build-up: vesak ramp up to 0.9
W0034,Peliyagoda,Style,19,6,0,0,134.094,0.0,145.924375,-0.08107195936251232,21,124.383,0.07807337015508553,,False,
W0040,Peliyagoda,Style,20,6,0,0,134.136,0.0,145.924375,-0.080784139044625,22,137.923,-0.02745734939060207,,False,
W0046,Peliyagoda,Style,21,6,0,0,134.895,0.0,145.924375,-0.07558281472851935,23,132.796,0.015806198981897168,poson ramp up to 0.3,False,
W0052,Peliyagoda,Style,22,6,2,3,145.513,0.0,145.924375,-0.002819097220735034,24,120.824,0.2043385420115209,poson ramp up to 1.0; poson Sat 30 May (open),False,
W0058,Peliyagoda,Style,23,6,0,1,132.504,0.0,145.924375,-0.09196801425395862,25,133.566,-0.007951125286375316,,False,
W0005,Peliyagoda,Tech,14,6,1,2,31.803,0.0,33.783500000000004,-0.05862329243565656,14,38.611,-0.17632280956204183,new_year ramp up to 0.1,False,
W0011,Peliyagoda,Tech,15,6,0,0,31.803,0.0,33.783500000000004,-0.05862329243565656,15,32.427,-0.019243223239892693,new_year ramp up to 0.8,False,
W0017,Peliyagoda,Tech,16,4,0,0,22.174,0.0,33.783500000000004,-0.34364408661032764,16,7.901,1.8064801923807114,"closed Mon 13 Apr (new_year), Tue 14 Apr",True,closures remove 30% of a normal week's Tech volume (4 operating days)
W0023,Peliyagoda,Tech,17,6,1,1,31.803,0.0,33.783500000000004,-0.05862329243565656,17,44.057,-0.27813968268379596,vesak ramp up to 0.4,False,
W0029,Peliyagoda,Tech,18,5,1,3,18.705,0.0,33.783500000000004,-0.44632734914973293,20,14.016,0.33454623287671215,closed Fri 01 May (vesak); vesak ramp up to 0.9,True,closures remove 41% of a normal week's Tech volume (5 operating days); festival build-up: vesak ramp up to 0.9
W0035,Peliyagoda,Tech,19,6,0,0,31.803,0.0,33.783500000000004,-0.05862329243565656,21,18.684,0.7021515735388568,,False,
W0041,Peliyagoda,Tech,20,6,0,0,31.803,0.0,33.783500000000004,-0.05862329243565656,22,21.422,0.4845952758846046,,False,
W0047,Peliyagoda,Tech,21,6,0,0,31.803,0.0,33.783500000000004,-0.05862329243565656,23,40.636,-0.2173688355153066,poson ramp up to 0.3,False,
W0053,Peliyagoda,Tech,22,6,2,3,31.803,0.0,33.783500000000004,-0.05862329243565656,24,32.014,-0.006590866495908121,poson ramp up to 1.0; poson Sat 30 May (open),False,
W0059,Peliyagoda,Tech,23,6,0,1,31.803,0.0,33.783500000000004,-0.05862329243565656,25,23.391,0.3596254969860204,,False,
