step,note,wape_mean4,wape_headline,bias_mean4,Fresh_wape_mean4,Fresh_wape_headline,Style_wape_mean4,Style_wape_headline,Tech_wape_mean4,Tech_wape_headline,bias Kandy Fresh,bias Kandy Style,bias Kandy Tech,bias Peliyagoda Fresh,bias Peliyagoda Style,bias Peliyagoda Tech,chilled_wape_mean4,chilled_wape_headline,chilled_bias_mean4
0. Phase 3 GLM (all brands),with after_midweek_closure,0.03377321634542803,0.03817060640003025,-0.007360479512598185,0.02052843913053687,0.02218767545302141,0.05637346326743102,0.07276695251261707,0.31687736730339366,0.37516685602668093,-0.003102956450053536,0.0019667553905489054,-0.038589424301164896,-0.0048805043246319905,-0.01976110892229111,-0.09405010452663484,0.0240499352787978,0.023363992165166266,-0.003257254910222134
1. GLM without after_midweek_closure,flag dropped,0.03362353077960678,0.037674821927174834,-0.00720086493932209,0.02038731949177579,0.02160419566994328,0.05638125887636575,0.07338035501297113,0.3158468992124863,0.3724300848601791,-0.0031121482080941234,0.0023175937147787143,-0.038192844743730976,-0.004878558813936991,-0.019643702956384766,-0.08666418777566692,0.02389928732023633,0.022757198006387005,-0.0032590542678004697
2. HGB alone (all brands),"{""include_midweek"": false, ""learning_rate"": 0.06, ""max_depth"": 4, ""max_iter"": 600, ""model"": ""hgb""}",0.03557322151933535,0.038674286037433656,-0.013956592138061576,0.02131445760435787,0.024391145200452432,0.07026436573982618,0.06601044524256992,0.2948261453702248,0.35576120689907437,-0.005942846438156265,-0.056624643898205027,-0.14199286512119186,-0.004307181972402889,-0.036193510424463275,-0.14508582963249872,0.0216548468001676,0.02401465954490797,-0.003919151010929957
3. GLM+HGB blend (per-brand weight),"{'Fresh': 0.4, 'Style': 0.2, 'Tech': 0.7}",0.032193856174009224,0.03690284844188173,-0.009752096575940079,0.019736307817512115,0.022426987743384353,0.05579457478403952,0.066995743432114,0.2881917888902169,0.34764501477548776,-0.004244427500118978,-0.009470853807817987,-0.11085285900795362,-0.004650008077323362,-0.02295366445000041,-0.12755933707544923,0.022391783480569773,0.023040524334166923,-0.003523092965052259
4. + Style outlet x weekday,Style = outlet GLM,0.03160344193584327,0.035022065936480246,-0.008841609640677671,0.019736307817512115,0.022426987743384353,0.051020090730244036,0.051707166229013196,0.2881917888902169,0.34764501477548776,-0.004244427500118978,-0.007101167189080066,-0.11085285900795362,-0.004650008077323362,-0.012993399146471754,-0.12755933707544923,0.022391783480569773,0.023040524334166923,-0.003523092965052259
5. + Style best (recency / blend),"Style = outlet, half-life 52w + HGB w=0.0",0.031598942782951486,0.035011043536812676,-0.008706771664844114,0.019736307817512115,0.022426987743384353,0.05098603394196481,0.05161756692244952,0.2881917888902169,0.34764501477548776,-0.004244427500118978,-0.005901989351412146,-0.11085285900795362,-0.004650008077323362,-0.012017232557580797,-0.12755933707544923,0.022391783480569773,0.023040524334166923,-0.003523092965052259
6. + Tech (a) smoothed mean,"{""kind"": ""mean"", ""model"": ""tech_smooth"", ""param"": 26}",0.0315674497350151,0.03543449301586936,-0.006038379509674298,0.019736307817512115,0.022426987743384353,0.05098603394196481,0.05161756692244952,0.28749788534813964,0.3629583028227844,-0.004244427500118978,-0.005901989351412146,0.013114727515301176,-0.004650008077323362,-0.012017232557580797,-0.0588664496066917,0.022391783480569773,0.023040524334166923,-0.003523092965052259
7. + Tech (b) GLM + smoothed blend,w_smooth=0.8,0.03148031660434535,0.035048694505917,-0.006264181249476325,0.019736307817512115,0.022426987743384353,0.05098603394196481,0.05161756692244952,0.28429361218759575,0.3490065942877325,-0.004244427500118978,-0.005901989351412146,0.002853213063494807,-0.004650008077323362,-0.012017232557580797,-0.06442599724048667,0.022391783480569773,0.023040524334166923,-0.003523092965052259
8. + Tech (c) calendar-shaped level,"{""kind"": ""mean"", ""model"": ""tech_calendar"", ""param"": 52}",0.03142756620939922,0.03467572400112783,-0.006611919142092537,0.019736307817512115,0.022426987743384353,0.05098603394196481,0.05161756692244952,0.28218789867122224,0.3355187874643412,-0.004244427500118978,-0.005901989351412146,-0.012685268439071591,-0.004650008077323362,-0.012017232557580797,-0.07356144120078129,0.022391783480569773,0.023040524334166923,-0.003523092965052259
9. Final (best per brand + chilled),chilled=share,0.03142756620939922,0.03467572400112783,-0.006611919142092537,0.019736307817512115,0.022426987743384353,0.05098603394196481,0.05161756692244952,0.28218789867122224,0.3355187874643412,-0.004244427500118978,-0.005901989351412146,-0.012685268439071591,-0.004650008077323362,-0.012017232557580797,-0.07356144120078129,0.022391783480569773,0.023040524334166923,-0.003523092965052259
