row_id,pred_total_volume_m3,pred_chilled_volume_m3
W0000,552.654,204.361
W0001,80.224,0.0
W0002,22.603,0.0
W0003,1048.542,392.337
W0004,138.456,0.0
W0005,31.803,0.0
W0006,730.197,270.846
W0007,121.128,0.0
W0008,22.603,0.0
W0009,1399.696,527.12
W0010,234.307,0.0
W0011,31.803,0.0
W0012,355.345,131.805
W0013,51.247,0.0
W0014,21.396,0.0
W0015,659.66,248.425
W0016,116.963,0.0
W0017,22.174,0.0
W0018,562.629,208.692
W0019,78.49,0.0
W0020,22.603,0.0
W0021,1037.738,390.808
W0022,136.795,0.0
W0023,31.803,0.0
W0024,557.135,207.048
W0025,87.338,0.0
W0026,18.441,0.0
W0027,1069.578,403.454
W0028,100.201,0.0
W0029,18.705,0.0
W0030,510.338,191.159
W0031,76.769,0.0
W0032,22.603,0.0
W0033,976.756,370.927
W0034,134.094,0.0
W0035,31.803,0.0
W0036,510.694,191.293
W0037,76.794,0.0
W0038,22.603,0.0
W0039,977.377,371.163
W0040,134.137,0.0
W0041,31.803,0.0
W0042,520.277,194.883
W0043,77.123,0.0
W0044,22.603,0.0
W0045,994.812,377.783
W0046,134.895,0.0
W0047,31.803,0.0
W0048,651.896,244.183
W0049,85.112,0.0
W0050,22.603,0.0
W0051,1230.89,467.435
W0052,145.513,0.0
W0053,31.803,0.0
W0054,526.86,198.805
W0055,77.429,0.0
W0056,22.603,0.0
W0057,990.207,377.79
W0058,132.504,0.0
W0059,31.803,0.0
