scenario,order_ref,outlet_id,decision,vehicle_id,trip_id
S1,S1-000,OUT001,served,VEH038,1
S1,S1-001,OUT001,deferred,,
S1,S1-002,OUT002,served,VEH038,1
S1,S1-003,OUT002,deferred,,
S1,S1-004,OUT003,served,VEH038,1
S1,S1-005,OUT003,deferred,,
S1,S1-006,OUT004,served,VEH034,1
S1,S1-007,OUT004,served,VEH007,1
S1,S1-008,OUT005,served,VEH033,1
S1,S1-009,OUT005,served,VEH006,1
S1,S1-010,OUT006,served,VEH033,1
S1,S1-011,OUT007,served,VEH033,1
S1,S1-012,OUT007,served,VEH006,1
S1,S1-013,OUT008,served,VEH033,1
S1,S1-014,OUT008,served,VEH006,1
S1,S1-015,OUT009,served,VEH033,1
S1,S1-016,OUT009,served,VEH006,1
S1,S1-017,OUT010,served,VEH033,1
S1,S1-018,OUT011,served,VEH033,1
S1,S1-019,OUT012,served,VEH033,1
S1,S1-020,OUT013,served,VEH033,1
S1,S1-021,OUT013,served,VEH007,1
S1,S1-022,OUT014,served,VEH033,1
S1,S1-023,OUT022,served,VEH029,2
S1,S1-024,OUT023,served,VEH028,2
S1,S1-025,OUT024,served,VEH028,2
S1,S1-026,OUT025,served,VEH031,1
S1,S1-027,OUT026,served,VEH031,1
S1,S1-028,OUT026,served,VEH003,1
S1,S1-029,OUT027,served,VEH031,1
S1,S1-030,OUT028,served,VEH031,1
S1,S1-031,OUT028,served,VEH003,1
S1,S1-032,OUT029,served,VEH031,1
S1,S1-033,OUT029,served,VEH003,1
S1,S1-034,OUT030,served,VEH031,1
S1,S1-035,OUT030,served,VEH006,2
S1,S1-036,OUT031,served,VEH031,1
S1,S1-037,OUT032,served,VEH031,1
S1,S1-038,OUT032,served,VEH006,2
S1,S1-039,OUT033,served,VEH031,1
S1,S1-040,OUT034,served,VEH031,1
S1,S1-041,OUT034,served,VEH006,2
S1,S1-042,OUT040,served,VEH030,1
S1,S1-043,OUT041,served,VEH030,1
S1,S1-044,OUT042,served,VEH030,1
S1,S1-045,OUT043,served,VEH030,1
S1,S1-046,OUT043,served,VEH036,1
S1,S1-047,OUT044,served,VEH030,1
S1,S1-048,OUT044,deferred,,
S1,S1-049,OUT045,served,VEH030,1
S1,S1-050,OUT046,served,VEH030,1
S1,S1-051,OUT046,deferred,,
S1,S1-052,OUT050,served,VEH032,1
S1,S1-053,OUT051,served,VEH032,1
S1,S1-054,OUT052,served,VEH032,1
S1,S1-055,OUT053,served,VEH032,1
S1,S1-056,OUT053,served,VEH003,2
S1,S1-057,OUT054,served,VEH032,1
S1,S1-058,OUT054,served,VEH003,2
S1,S1-059,OUT055,served,VEH032,1
S1,S1-060,OUT056,served,VEH033,2
S1,S1-061,OUT057,served,VEH032,2
S1,S1-062,OUT059,served,VEH028,1
S1,S1-063,OUT060,served,VEH028,1
S1,S1-064,OUT060,deferred,,
S1,S1-065,OUT061,served,VEH028,1
S1,S1-066,OUT062,served,VEH028,1
S1,S1-067,OUT062,served,VEH036,2
S1,S1-068,OUT063,served,VEH030,2
S1,S1-069,OUT064,served,VEH025,1
S1,S1-070,OUT065,served,VEH029,1
S1,S1-071,OUT065,deferred,,
S1,S1-072,OUT066,served,VEH029,1
S1,S1-073,OUT066,deferred,,
S1,S1-074,OUT067,served,VEH029,1
S1,S1-075,OUT067,deferred,,
S1,S1-076,OUT068,served,VEH034,2
S1,S1-077,OUT069,served,VEH029,1
S1,S1-078,OUT070,deferred,,
S1,S1-079,OUT071,served,VEH031,2
S1,S1-080,OUT072,served,VEH027,2
S1,S1-081,OUT073,served,VEH027,1
S1,S1-082,OUT074,served,VEH027,1
S1,S1-083,OUT074,served,VEH007,2
S1,S1-084,OUT075,served,VEH027,1
